areaCode,areaName,areaType,date,cumAdmissions,hospitalCases
E40000003,London,nhsRegion,2022-07-13,,2225
E40000003,London,nhsRegion,2022-07-12,,2237
E40000003,London,nhsRegion,2022-07-11,128548,2180
E40000003,London,nhsRegion,2022-07-10,128285,2085
E40000003,London,nhsRegion,2022-07-09,128015,2066
E40000003,London,nhsRegion,2022-07-08,127804,1990
E40000003,London,nhsRegion,2022-07-07,127580,1947
E40000003,London,nhsRegion,2022-07-06,127250,1907
E40000003,London,nhsRegion,2022-07-05,126971,1897
E40000003,London,nhsRegion,2022-07-04,126723,1831
E40000003,London,nhsRegion,2022-07-03,126478,1727
E40000003,London,nhsRegion,2022-07-02,126248,1683
E40000003,London,nhsRegion,2022-07-01,126048,1638
E40000003,London,nhsRegion,2022-06-30,125865,1584
E40000003,London,nhsRegion,2022-06-29,125640,1553
E40000003,London,nhsRegion,2022-06-28,125447,1489
E40000003,London,nhsRegion,2022-06-27,125270,1461
E40000003,London,nhsRegion,2022-06-26,125095,1429
E40000003,London,nhsRegion,2022-06-25,124922,1353
E40000003,London,nhsRegion,2022-06-24,124771,1301
E40000003,London,nhsRegion,2022-06-23,124629,1221
E40000003,London,nhsRegion,2022-06-22,124452,1163
E40000003,London,nhsRegion,2022-06-21,124279,1139
E40000003,London,nhsRegion,2022-06-20,124087,1089
E40000003,London,nhsRegion,2022-06-19,123941,1047
E40000003,London,nhsRegion,2022-06-18,123815,1013
E40000003,London,nhsRegion,2022-06-17,123710,1001
E40000003,London,nhsRegion,2022-06-16,123603,995
E40000003,London,nhsRegion,2022-06-15,123488,983
E40000003,London,nhsRegion,2022-06-14,123358,982
E40000003,London,nhsRegion,2022-06-13,123251,1001
E40000003,London,nhsRegion,2022-06-12,123137,967
E40000003,London,nhsRegion,2022-06-11,123049,942
E40000003,London,nhsRegion,2022-06-10,122966,932
E40000003,London,nhsRegion,2022-06-09,122873,914
E40000003,London,nhsRegion,2022-06-08,122797,931
E40000003,London,nhsRegion,2022-06-07,122704,940
E40000003,London,nhsRegion,2022-06-06,122618,917
E40000003,London,nhsRegion,2022-06-05,122520,853
E40000003,London,nhsRegion,2022-06-04,122449,870
E40000003,London,nhsRegion,2022-06-03,122376,855
E40000003,London,nhsRegion,2022-06-02,122318,845
E40000003,London,nhsRegion,2022-06-01,122266,889
E40000003,London,nhsRegion,2022-05-31,122197,916
E40000003,London,nhsRegion,2022-05-30,122145,928
E40000003,London,nhsRegion,2022-05-29,122063,906
E40000003,London,nhsRegion,2022-05-28,122000,903
E40000003,London,nhsRegion,2022-05-27,121950,925
E40000003,London,nhsRegion,2022-05-26,121873,972
E40000003,London,nhsRegion,2022-05-25,121812,1004
E40000003,London,nhsRegion,2022-05-24,121729,1016
E40000003,London,nhsRegion,2022-05-23,121664,1089
E40000003,London,nhsRegion,2022-05-22,121587,1072
E40000003,London,nhsRegion,2022-05-21,121506,1062
E40000003,London,nhsRegion,2022-05-20,121453,1050
E40000003,London,nhsRegion,2022-05-19,121387,1086
E40000003,London,nhsRegion,2022-05-18,121326,1121
E40000003,London,nhsRegion,2022-05-17,121259,1171
E40000003,London,nhsRegion,2022-05-16,121189,1209
E40000003,London,nhsRegion,2022-05-15,121127,1200
E40000003,London,nhsRegion,2022-05-14,121049,1220
E40000003,London,nhsRegion,2022-05-13,120976,1283
E40000003,London,nhsRegion,2022-05-12,120910,1256
E40000003,London,nhsRegion,2022-05-11,120824,1358
E40000003,London,nhsRegion,2022-05-10,120728,1400
E40000003,London,nhsRegion,2022-05-09,120642,1416
E40000003,London,nhsRegion,2022-05-08,120560,1418
E40000003,London,nhsRegion,2022-05-07,120491,1406
E40000003,London,nhsRegion,2022-05-06,120426,1467
E40000003,London,nhsRegion,2022-05-05,120334,1518
E40000003,London,nhsRegion,2022-05-04,120249,1584
E40000003,London,nhsRegion,2022-05-03,120156,1630
E40000003,London,nhsRegion,2022-05-02,120064,1609
E40000003,London,nhsRegion,2022-05-01,119969,1614
E40000003,London,nhsRegion,2022-04-30,119877,1629
E40000003,London,nhsRegion,2022-04-29,119800,1709
E40000003,London,nhsRegion,2022-04-28,119701,1779
E40000003,London,nhsRegion,2022-04-27,119590,1870
E40000003,London,nhsRegion,2022-04-26,119474,1900
E40000003,London,nhsRegion,2022-04-25,119355,1979
E40000003,London,nhsRegion,2022-04-24,119218,1976
E40000003,London,nhsRegion,2022-04-23,119082,2014
E40000003,London,nhsRegion,2022-04-22,118977,2116
E40000003,London,nhsRegion,2022-04-21,118856,2189
E40000003,London,nhsRegion,2022-04-20,118740,2278
E40000003,London,nhsRegion,2022-04-19,118608,2223
E40000003,London,nhsRegion,2022-04-18,118463,1982
E40000003,London,nhsRegion,2022-04-17,118290,1986
E40000003,London,nhsRegion,2022-04-16,118178,1981
E40000003,London,nhsRegion,2022-04-15,118048,2000
E40000003,London,nhsRegion,2022-04-14,117914,2298
E40000003,London,nhsRegion,2022-04-13,117752,2399
E40000003,London,nhsRegion,2022-04-12,117566,2459
E40000003,London,nhsRegion,2022-04-11,117349,2484
E40000003,London,nhsRegion,2022-04-10,117151,2427
E40000003,London,nhsRegion,2022-04-09,116987,2396
E40000003,London,nhsRegion,2022-04-08,116815,2429
E40000003,London,nhsRegion,2022-04-07,116631,2489
E40000003,London,nhsRegion,2022-04-06,116415,2487
E40000003,London,nhsRegion,2022-04-05,116197,2497
E40000003,London,nhsRegion,2022-04-04,115940,2511
E40000003,London,nhsRegion,2022-04-03,115720,2433
E40000003,London,nhsRegion,2022-04-02,115486,2417
E40000003,London,nhsRegion,2022-04-01,115277,2448
E40000003,London,nhsRegion,2022-03-31,115090,2434
E40000003,London,nhsRegion,2022-03-30,114844,2330
E40000003,London,nhsRegion,2022-03-29,114613,2324
E40000003,London,nhsRegion,2022-03-28,114349,2266
E40000003,London,nhsRegion,2022-03-27,114086,2118
E40000003,London,nhsRegion,2022-03-26,113867,2072
E40000003,London,nhsRegion,2022-03-25,113665,2110
E40000003,London,nhsRegion,2022-03-24,113484,2112
E40000003,London,nhsRegion,2022-03-23,113281,2089
E40000003,London,nhsRegion,2022-03-22,113070,2114
E40000003,London,nhsRegion,2022-03-21,112857,2074
E40000003,London,nhsRegion,2022-03-20,112640,1977
E40000003,London,nhsRegion,2022-03-19,112456,1934
E40000003,London,nhsRegion,2022-03-18,112245,1930
E40000003,London,nhsRegion,2022-03-17,112075,1920
E40000003,London,nhsRegion,2022-03-16,111874,1902
E40000003,London,nhsRegion,2022-03-15,111668,1867
E40000003,London,nhsRegion,2022-03-14,111469,1823
E40000003,London,nhsRegion,2022-03-13,111276,1728
E40000003,London,nhsRegion,2022-03-12,111108,1632
E40000003,London,nhsRegion,2022-03-11,110942,1653
E40000003,London,nhsRegion,2022-03-10,110746,1619
E40000003,London,nhsRegion,2022-03-09,110569,1641
E40000003,London,nhsRegion,2022-03-08,110368,1624
E40000003,London,nhsRegion,2022-03-07,110225,1595
E40000003,London,nhsRegion,2022-03-06,110066,1496
E40000003,London,nhsRegion,2022-03-05,109901,1476
E40000003,London,nhsRegion,2022-03-04,109768,1529
E40000003,London,nhsRegion,2022-03-03,109639,1553
E40000003,London,nhsRegion,2022-03-02,109504,1573
E40000003,London,nhsRegion,2022-03-01,109351,1575
E40000003,London,nhsRegion,2022-02-28,109214,1579
E40000003,London,nhsRegion,2022-02-27,109080,1572
E40000003,London,nhsRegion,2022-02-26,108968,1576
E40000003,London,nhsRegion,2022-02-25,108876,1661
E40000003,London,nhsRegion,2022-02-24,108772,1712
E40000003,London,nhsRegion,2022-02-23,108656,1776
E40000003,London,nhsRegion,2022-02-22,108550,1809
E40000003,London,nhsRegion,2022-02-21,108425,1799
E40000003,London,nhsRegion,2022-02-20,108311,1829
E40000003,London,nhsRegion,2022-02-19,108200,1832
E40000003,London,nhsRegion,2022-02-18,108094,1899
E40000003,London,nhsRegion,2022-02-17,107965,1972
E40000003,London,nhsRegion,2022-02-16,107816,2004
E40000003,London,nhsRegion,2022-02-15,107672,2031
E40000003,London,nhsRegion,2022-02-14,107535,2071
E40000003,London,nhsRegion,2022-02-13,107375,2015
E40000003,London,nhsRegion,2022-02-12,107243,2003
E40000003,London,nhsRegion,2022-02-11,107104,2042
E40000003,London,nhsRegion,2022-02-10,106943,2122
E40000003,London,nhsRegion,2022-02-09,106789,2211
E40000003,London,nhsRegion,2022-02-08,106626,2291
E40000003,London,nhsRegion,2022-02-07,106448,2310
E40000003,London,nhsRegion,2022-02-06,106262,2262
E40000003,London,nhsRegion,2022-02-05,106087,2230
E40000003,London,nhsRegion,2022-02-04,105929,2321
E40000003,London,nhsRegion,2022-02-03,105754,2370
E40000003,London,nhsRegion,2022-02-02,105559,2451
E40000003,London,nhsRegion,2022-02-01,105341,2468
E40000003,London,nhsRegion,2022-01-31,105142,2492
E40000003,London,nhsRegion,2022-01-30,104957,2448
E40000003,London,nhsRegion,2022-01-29,104782,2466
E40000003,London,nhsRegion,2022-01-28,104606,2537
E40000003,London,nhsRegion,2022-01-27,104421,2602
E40000003,London,nhsRegion,2022-01-26,104233,2685
E40000003,London,nhsRegion,2022-01-25,104007,2762
E40000003,London,nhsRegion,2022-01-24,103794,2792
E40000003,London,nhsRegion,2022-01-23,103563,2743
E40000003,London,nhsRegion,2022-01-22,103333,2677
E40000003,London,nhsRegion,2022-01-21,103150,2918
E40000003,London,nhsRegion,2022-01-20,102940,3059
E40000003,London,nhsRegion,2022-01-19,102716,3179
E40000003,London,nhsRegion,2022-01-18,102431,3385
E40000003,London,nhsRegion,2022-01-17,102130,3537
E40000003,London,nhsRegion,2022-01-16,101895,3464
E40000003,London,nhsRegion,2022-01-15,101591,3464
E40000003,London,nhsRegion,2022-01-14,101338,3572
E40000003,London,nhsRegion,2022-01-13,101062,3662
E40000003,London,nhsRegion,2022-01-12,100758,3797
E40000003,London,nhsRegion,2022-01-11,100452,3826
E40000003,London,nhsRegion,2022-01-10,100138,3930
E40000003,London,nhsRegion,2022-01-09,99803,3867
E40000003,London,nhsRegion,2022-01-08,99526,3819
E40000003,London,nhsRegion,2022-01-07,99219,3989
E40000003,London,nhsRegion,2022-01-06,98907,4053
E40000003,London,nhsRegion,2022-01-05,98597,4074
E40000003,London,nhsRegion,2022-01-04,98231,3993
E40000003,London,nhsRegion,2022-01-03,97864,3848
E40000003,London,nhsRegion,2022-01-02,97463,3744
E40000003,London,nhsRegion,2022-01-01,97116,3666
E40000003,London,nhsRegion,2021-12-31,96802,3636
E40000003,London,nhsRegion,2021-12-30,96483,3477
E40000003,London,nhsRegion,2021-12-29,96033,3310
E40000003,London,nhsRegion,2021-12-28,95522,3024
E40000003,London,nhsRegion,2021-12-27,95066,2640
E40000003,London,nhsRegion,2021-12-26,94629,2425
E40000003,London,nhsRegion,2021-12-25,94255,2295
E40000003,London,nhsRegion,2021-12-24,93891,2260
E40000003,London,nhsRegion,2021-12-23,93613,2097
E40000003,London,nhsRegion,2021-12-22,93223,2036
E40000003,London,nhsRegion,2021-12-21,92837,1904
E40000003,London,nhsRegion,2021-12-20,92530,1819
E40000003,London,nhsRegion,2021-12-19,92229,1666
E40000003,London,nhsRegion,2021-12-18,91984,1573
E40000003,London,nhsRegion,2021-12-17,91774,1534
E40000003,London,nhsRegion,2021-12-16,91554,1460
E40000003,London,nhsRegion,2021-12-15,91361,1372
E40000003,London,nhsRegion,2021-12-14,91160,1349
E40000003,London,nhsRegion,2021-12-13,90961,1360
E40000003,London,nhsRegion,2021-12-12,90792,1253
E40000003,London,nhsRegion,2021-12-11,90635,1185
E40000003,London,nhsRegion,2021-12-10,90469,1193
E40000003,London,nhsRegion,2021-12-09,90307,1163
E40000003,London,nhsRegion,2021-12-08,90165,1136
E40000003,London,nhsRegion,2021-12-07,90033,1134
E40000003,London,nhsRegion,2021-12-06,89885,1102
E40000003,London,nhsRegion,2021-12-05,89774,1087
E40000003,London,nhsRegion,2021-12-04,89654,1057
E40000003,London,nhsRegion,2021-12-03,89538,1069
E40000003,London,nhsRegion,2021-12-02,89424,1083
E40000003,London,nhsRegion,2021-12-01,89324,1074
E40000003,London,nhsRegion,2021-11-30,89210,1095
E40000003,London,nhsRegion,2021-11-29,89105,1099
E40000003,London,nhsRegion,2021-11-28,89004,994
E40000003,London,nhsRegion,2021-11-27,88898,989
E40000003,London,nhsRegion,2021-11-26,88804,1043
E40000003,London,nhsRegion,2021-11-25,88698,1028
E40000003,London,nhsRegion,2021-11-24,88608,1012
E40000003,London,nhsRegion,2021-11-23,88500,1034
E40000003,London,nhsRegion,2021-11-22,88419,1067
E40000003,London,nhsRegion,2021-11-21,88346,1048
E40000003,London,nhsRegion,2021-11-20,88260,1026
E40000003,London,nhsRegion,2021-11-19,88174,1030
E40000003,London,nhsRegion,2021-11-18,88098,1037
E40000003,London,nhsRegion,2021-11-17,87994,1057
E40000003,London,nhsRegion,2021-11-16,87898,1088
E40000003,London,nhsRegion,2021-11-15,87806,1094
E40000003,London,nhsRegion,2021-11-14,87691,1047
E40000003,London,nhsRegion,2021-11-13,87586,1047
E40000003,London,nhsRegion,2021-11-12,87503,1056
E40000003,London,nhsRegion,2021-11-11,87413,1075
E40000003,London,nhsRegion,2021-11-10,87307,1047
E40000003,London,nhsRegion,2021-11-09,87208,1054
E40000003,London,nhsRegion,2021-11-08,87112,1052
E40000003,London,nhsRegion,2021-11-07,86991,1034
E40000003,London,nhsRegion,2021-11-06,86901,1035
E40000003,London,nhsRegion,2021-11-05,86812,1039
E40000003,London,nhsRegion,2021-11-04,86730,1020
E40000003,London,nhsRegion,2021-11-03,86649,1050
E40000003,London,nhsRegion,2021-11-02,86567,1094
E40000003,London,nhsRegion,2021-11-01,86467,1104
E40000003,London,nhsRegion,2021-10-31,86359,1067
E40000003,London,nhsRegion,2021-10-30,86256,1032
E40000003,London,nhsRegion,2021-10-29,86176,1047
E40000003,London,nhsRegion,2021-10-28,86084,1063
E40000003,London,nhsRegion,2021-10-27,85996,1051
E40000003,London,nhsRegion,2021-10-26,85898,1046
E40000003,London,nhsRegion,2021-10-25,85791,1044
E40000003,London,nhsRegion,2021-10-24,85693,1003
E40000003,London,nhsRegion,2021-10-23,85597,993
E40000003,London,nhsRegion,2021-10-22,85504,969
E40000003,London,nhsRegion,2021-10-21,85395,979
E40000003,London,nhsRegion,2021-10-20,85324,959
E40000003,London,nhsRegion,2021-10-19,85223,965
E40000003,London,nhsRegion,2021-10-18,85118,918
E40000003,London,nhsRegion,2021-10-17,85024,896
E40000003,London,nhsRegion,2021-10-16,84918,882
E40000003,London,nhsRegion,2021-10-15,84818,879
E40000003,London,nhsRegion,2021-10-14,84719,864
E40000003,London,nhsRegion,2021-10-13,84614,849
E40000003,London,nhsRegion,2021-10-12,84517,853
E40000003,London,nhsRegion,2021-10-11,84424,894
E40000003,London,nhsRegion,2021-10-10,84349,878
E40000003,London,nhsRegion,2021-10-09,84291,867
E40000003,London,nhsRegion,2021-10-08,84224,885
E40000003,London,nhsRegion,2021-10-07,84146,884
E40000003,London,nhsRegion,2021-10-06,84062,904
E40000003,London,nhsRegion,2021-10-05,83986,925
E40000003,London,nhsRegion,2021-10-04,83912,934
E40000003,London,nhsRegion,2021-10-03,83825,906
E40000003,London,nhsRegion,2021-10-02,83768,894
E40000003,London,nhsRegion,2021-10-01,83686,927
E40000003,London,nhsRegion,2021-09-30,83616,948
E40000003,London,nhsRegion,2021-09-29,83550,983
E40000003,London,nhsRegion,2021-09-28,83469,1001
E40000003,London,nhsRegion,2021-09-27,83396,999
E40000003,London,nhsRegion,2021-09-26,83310,990
E40000003,London,nhsRegion,2021-09-25,83238,984
E40000003,London,nhsRegion,2021-09-24,83157,1000
E40000003,London,nhsRegion,2021-09-23,83070,1013
E40000003,London,nhsRegion,2021-09-22,82982,1056
E40000003,London,nhsRegion,2021-09-21,82902,1077
E40000003,London,nhsRegion,2021-09-20,82816,1122
E40000003,London,nhsRegion,2021-09-19,82719,1134
E40000003,London,nhsRegion,2021-09-18,82649,1124
E40000003,London,nhsRegion,2021-09-17,82571,1153
E40000003,London,nhsRegion,2021-09-16,82495,1179
E40000003,London,nhsRegion,2021-09-15,82392,1214
E40000003,London,nhsRegion,2021-09-14,82303,1276
E40000003,London,nhsRegion,2021-09-13,82213,1253
E40000003,London,nhsRegion,2021-09-12,82115,1214
E40000003,London,nhsRegion,2021-09-11,82024,1209
E40000003,London,nhsRegion,2021-09-10,81915,1225
E40000003,London,nhsRegion,2021-09-09,81814,1190
E40000003,London,nhsRegion,2021-09-08,81700,1214
E40000003,London,nhsRegion,2021-09-07,81567,1211
E40000003,London,nhsRegion,2021-09-06,81444,1177
E40000003,London,nhsRegion,2021-09-05,81302,1143
E40000003,London,nhsRegion,2021-09-04,81202,1134
E40000003,London,nhsRegion,2021-09-03,81114,1154
E40000003,London,nhsRegion,2021-09-02,81012,1202
E40000003,London,nhsRegion,2021-09-01,80890,1235
E40000003,London,nhsRegion,2021-08-31,80766,1255
E40000003,London,nhsRegion,2021-08-30,80625,1192
E40000003,London,nhsRegion,2021-08-29,80479,1150
E40000003,London,nhsRegion,2021-08-28,80361,1154
E40000003,London,nhsRegion,2021-08-27,80245,1189
E40000003,London,nhsRegion,2021-08-26,80133,1189
E40000003,London,nhsRegion,2021-08-25,80018,1172
E40000003,London,nhsRegion,2021-08-24,79879,1178
E40000003,London,nhsRegion,2021-08-23,79714,1199
E40000003,London,nhsRegion,2021-08-22,79567,1138
E40000003,London,nhsRegion,2021-08-21,79433,1126
E40000003,London,nhsRegion,2021-08-20,79309,1112
E40000003,London,nhsRegion,2021-08-19,79189,1098
E40000003,London,nhsRegion,2021-08-18,79049,1090
E40000003,London,nhsRegion,2021-08-17,78903,1074
E40000003,London,nhsRegion,2021-08-16,78792,1086
E40000003,London,nhsRegion,2021-08-15,78666,1036
E40000003,London,nhsRegion,2021-08-14,78577,1008
E40000003,London,nhsRegion,2021-08-13,78448,1025
E40000003,London,nhsRegion,2021-08-12,78330,1016
E40000003,London,nhsRegion,2021-08-11,78196,1041
E40000003,London,nhsRegion,2021-08-10,78075,1068
E40000003,London,nhsRegion,2021-08-09,77976,1077
E40000003,London,nhsRegion,2021-08-08,77884,1046
E40000003,London,nhsRegion,2021-08-07,77772,1026
E40000003,London,nhsRegion,2021-08-06,77670,1044
E40000003,London,nhsRegion,2021-08-05,77556,1027
E40000003,London,nhsRegion,2021-08-04,77425,1042
E40000003,London,nhsRegion,2021-08-03,77312,1084
E40000003,London,nhsRegion,2021-08-02,77192,1157
E40000003,London,nhsRegion,2021-08-01,77093,1023
E40000003,London,nhsRegion,2021-07-31,76970,1034
E40000003,London,nhsRegion,2021-07-30,76846,1029
E40000003,London,nhsRegion,2021-07-29,76720,935
E40000003,London,nhsRegion,2021-07-28,76591,1023
E40000003,London,nhsRegion,2021-07-27,76485,1001
E40000003,London,nhsRegion,2021-07-26,76353,957
E40000003,London,nhsRegion,2021-07-25,76191,890
E40000003,London,nhsRegion,2021-07-24,76061,852
E40000003,London,nhsRegion,2021-07-23,75927,794
E40000003,London,nhsRegion,2021-07-22,75823,735
E40000003,London,nhsRegion,2021-07-21,75682,713
E40000003,London,nhsRegion,2021-07-20,75556,662
E40000003,London,nhsRegion,2021-07-19,75434,647
E40000003,London,nhsRegion,2021-07-18,75317,574
E40000003,London,nhsRegion,2021-07-17,75216,590
E40000003,London,nhsRegion,2021-07-16,75116,583
E40000003,London,nhsRegion,2021-07-15,75031,575
E40000003,London,nhsRegion,2021-07-14,74948,540
E40000003,London,nhsRegion,2021-07-13,74862,514
E40000003,London,nhsRegion,2021-07-12,74774,514
E40000003,London,nhsRegion,2021-07-11,74678,467
E40000003,London,nhsRegion,2021-07-10,74612,440
E40000003,London,nhsRegion,2021-07-09,74548,435
E40000003,London,nhsRegion,2021-07-08,74480,411
E40000003,London,nhsRegion,2021-07-07,74401,397
E40000003,London,nhsRegion,2021-07-06,74339,381
E40000003,London,nhsRegion,2021-07-05,74287,364
E40000003,London,nhsRegion,2021-07-04,74232,331
E40000003,London,nhsRegion,2021-07-03,74178,318
E40000003,London,nhsRegion,2021-07-02,74136,323
E40000003,London,nhsRegion,2021-07-01,74104,329
E40000003,London,nhsRegion,2021-06-30,74074,314
E40000003,London,nhsRegion,2021-06-29,74023,301
E40000003,London,nhsRegion,2021-06-28,73972,302
E40000003,London,nhsRegion,2021-06-27,73941,243
E40000003,London,nhsRegion,2021-06-26,73903,266
E40000003,London,nhsRegion,2021-06-25,73868,286
E40000003,London,nhsRegion,2021-06-24,73842,286
E40000003,London,nhsRegion,2021-06-23,73820,280
E40000003,London,nhsRegion,2021-06-22,73791,300
E40000003,London,nhsRegion,2021-06-21,73765,303
E40000003,London,nhsRegion,2021-06-20,73746,272
E40000003,London,nhsRegion,2021-06-19,73714,286
E40000003,London,nhsRegion,2021-06-18,73683,289
E40000003,London,nhsRegion,2021-06-17,73657,300
E40000003,London,nhsRegion,2021-06-16,73626,277
E40000003,London,nhsRegion,2021-06-15,73601,289
E40000003,London,nhsRegion,2021-06-14,73564,285
E40000003,London,nhsRegion,2021-06-13,73531,261
E40000003,London,nhsRegion,2021-06-12,73497,250
E40000003,London,nhsRegion,2021-06-11,73470,262
E40000003,London,nhsRegion,2021-06-10,73442,266
E40000003,London,nhsRegion,2021-06-09,73413,270
E40000003,London,nhsRegion,2021-06-08,73380,249
E40000003,London,nhsRegion,2021-06-07,73360,252
E40000003,London,nhsRegion,2021-06-06,73343,237
E40000003,London,nhsRegion,2021-06-05,73316,234
E40000003,London,nhsRegion,2021-06-04,73300,247
E40000003,London,nhsRegion,2021-06-03,73284,238
E40000003,London,nhsRegion,2021-06-02,73264,241
E40000003,London,nhsRegion,2021-06-01,73245,236
E40000003,London,nhsRegion,2021-05-31,73216,234
E40000003,London,nhsRegion,2021-05-30,73196,233
E40000003,London,nhsRegion,2021-05-29,73178,235
E40000003,London,nhsRegion,2021-05-28,73161,234
E40000003,London,nhsRegion,2021-05-27,73142,234
E40000003,London,nhsRegion,2021-05-26,73125,238
E40000003,London,nhsRegion,2021-05-25,73106,242
E40000003,London,nhsRegion,2021-05-24,73090,244
E40000003,London,nhsRegion,2021-05-23,73073,236
E40000003,London,nhsRegion,2021-05-22,73060,233
E40000003,London,nhsRegion,2021-05-21,73046,254
E40000003,London,nhsRegion,2021-05-20,73033,248
E40000003,London,nhsRegion,2021-05-19,73009,241
E40000003,London,nhsRegion,2021-05-18,72995,245
E40000003,London,nhsRegion,2021-05-17,72976,259
E40000003,London,nhsRegion,2021-05-16,72957,261
E40000003,London,nhsRegion,2021-05-15,72946,258
E40000003,London,nhsRegion,2021-05-14,72935,251
E40000003,London,nhsRegion,2021-05-13,72923,266
E40000003,London,nhsRegion,2021-05-12,72908,275
E40000003,London,nhsRegion,2021-05-11,72896,281
E40000003,London,nhsRegion,2021-05-10,72879,281
E40000003,London,nhsRegion,2021-05-09,72862,274
E40000003,London,nhsRegion,2021-05-08,72846,275
E40000003,London,nhsRegion,2021-05-07,72836,272
E40000003,London,nhsRegion,2021-05-06,72821,283
E40000003,London,nhsRegion,2021-05-05,72808,284
E40000003,London,nhsRegion,2021-05-04,72791,292
E40000003,London,nhsRegion,2021-05-03,72785,316
E40000003,London,nhsRegion,2021-05-02,72774,308
E40000003,London,nhsRegion,2021-05-01,72763,299
E40000003,London,nhsRegion,2021-04-30,72751,315
E40000003,London,nhsRegion,2021-04-29,72740,339
E40000003,London,nhsRegion,2021-04-28,72725,353
E40000003,London,nhsRegion,2021-04-27,72711,368
E40000003,London,nhsRegion,2021-04-26,72690,376
E40000003,London,nhsRegion,2021-04-25,72677,375
E40000003,London,nhsRegion,2021-04-24,72660,403
E40000003,London,nhsRegion,2021-04-23,72645,418
E40000003,London,nhsRegion,2021-04-22,72623,423
E40000003,London,nhsRegion,2021-04-21,72609,453
E40000003,London,nhsRegion,2021-04-20,72591,439
E40000003,London,nhsRegion,2021-04-19,72576,460
E40000003,London,nhsRegion,2021-04-18,72558,467
E40000003,London,nhsRegion,2021-04-17,72541,476
E40000003,London,nhsRegion,2021-04-16,72532,501
E40000003,London,nhsRegion,2021-04-15,72518,498
E40000003,London,nhsRegion,2021-04-14,72504,513
E40000003,London,nhsRegion,2021-04-13,72483,521
E40000003,London,nhsRegion,2021-04-12,72463,520
E40000003,London,nhsRegion,2021-04-11,72437,520
E40000003,London,nhsRegion,2021-04-10,72409,538
E40000003,London,nhsRegion,2021-04-09,72384,561
E40000003,London,nhsRegion,2021-04-08,72363,569
E40000003,London,nhsRegion,2021-04-07,72336,577
E40000003,London,nhsRegion,2021-04-06,72310,601
E40000003,London,nhsRegion,2021-04-05,72288,636
E40000003,London,nhsRegion,2021-04-04,72265,637
E40000003,London,nhsRegion,2021-04-03,72242,630
E40000003,London,nhsRegion,2021-04-02,72217,652
E40000003,London,nhsRegion,2021-04-01,72190,668
E40000003,London,nhsRegion,2021-03-31,72165,689
E40000003,London,nhsRegion,2021-03-30,72135,717
E40000003,London,nhsRegion,2021-03-29,72106,733
E40000003,London,nhsRegion,2021-03-28,72083,737
E40000003,London,nhsRegion,2021-03-27,72051,742
E40000003,London,nhsRegion,2021-03-26,72022,799
E40000003,London,nhsRegion,2021-03-25,71996,811
E40000003,London,nhsRegion,2021-03-24,71963,840
E40000003,London,nhsRegion,2021-03-23,71936,876
E40000003,London,nhsRegion,2021-03-22,71903,922
E40000003,London,nhsRegion,2021-03-21,71872,928
E40000003,London,nhsRegion,2021-03-20,71844,941
E40000003,London,nhsRegion,2021-03-19,71813,986
E40000003,London,nhsRegion,2021-03-18,71771,1023
E40000003,London,nhsRegion,2021-03-17,71738,1082
E40000003,London,nhsRegion,2021-03-16,71711,1138
E40000003,London,nhsRegion,2021-03-15,71666,1185
E40000003,London,nhsRegion,2021-03-14,71626,1181
E40000003,London,nhsRegion,2021-03-13,71585,1190
E40000003,London,nhsRegion,2021-03-12,71537,1273
E40000003,London,nhsRegion,2021-03-11,71498,1335
E40000003,London,nhsRegion,2021-03-10,71451,1400
E40000003,London,nhsRegion,2021-03-09,71399,1481
E40000003,London,nhsRegion,2021-03-08,71332,1551
E40000003,London,nhsRegion,2021-03-07,71276,1562
E40000003,London,nhsRegion,2021-03-06,71218,1618
E40000003,London,nhsRegion,2021-03-05,71169,1723
E40000003,London,nhsRegion,2021-03-04,71107,1821
E40000003,London,nhsRegion,2021-03-03,71019,1861
E40000003,London,nhsRegion,2021-03-02,70952,1932
E40000003,London,nhsRegion,2021-03-01,70857,2018
E40000003,London,nhsRegion,2021-02-28,70768,1828
E40000003,London,nhsRegion,2021-02-27,70671,2102
E40000003,London,nhsRegion,2021-02-26,70607,2253
E40000003,London,nhsRegion,2021-02-25,70535,2371
E40000003,London,nhsRegion,2021-02-24,70425,2503
E40000003,London,nhsRegion,2021-02-23,70320,2490
E40000003,London,nhsRegion,2021-02-22,70217,2737
E40000003,London,nhsRegion,2021-02-21,70088,2734
E40000003,London,nhsRegion,2021-02-20,69961,2803
E40000003,London,nhsRegion,2021-02-19,69851,3048
E40000003,London,nhsRegion,2021-02-18,69701,3059
E40000003,London,nhsRegion,2021-02-17,69559,3292
E40000003,London,nhsRegion,2021-02-16,69409,3500
E40000003,London,nhsRegion,2021-02-15,69243,3603
E40000003,London,nhsRegion,2021-02-14,69064,3595
E40000003,London,nhsRegion,2021-02-13,68868,3562
E40000003,London,nhsRegion,2021-02-12,68693,3882
E40000003,London,nhsRegion,2021-02-11,68503,4079
E40000003,London,nhsRegion,2021-02-10,68286,4279
E40000003,London,nhsRegion,2021-02-09,68043,4574
E40000003,London,nhsRegion,2021-02-08,67811,4743
E40000003,London,nhsRegion,2021-02-07,67524,4729
E40000003,London,nhsRegion,2021-02-06,67222,4787
E40000003,London,nhsRegion,2021-02-05,66986,5066
E40000003,London,nhsRegion,2021-02-04,66694,5212
E40000003,London,nhsRegion,2021-02-03,66365,5462
E40000003,London,nhsRegion,2021-02-02,66016,5723
E40000003,London,nhsRegion,2021-02-01,65659,5881
E40000003,London,nhsRegion,2021-01-31,65238,5654
E40000003,London,nhsRegion,2021-01-30,64844,5918
E40000003,London,nhsRegion,2021-01-29,64474,6064
E40000003,London,nhsRegion,2021-01-28,64051,6393
E40000003,London,nhsRegion,2021-01-27,63578,6272
E40000003,London,nhsRegion,2021-01-26,63093,6785
E40000003,London,nhsRegion,2021-01-25,62621,7014
E40000003,London,nhsRegion,2021-01-24,62143,7030
E40000003,London,nhsRegion,2021-01-23,61599,7044
E40000003,London,nhsRegion,2021-01-22,61079,7298
E40000003,London,nhsRegion,2021-01-21,60499,7332
E40000003,London,nhsRegion,2021-01-20,59901,7588
E40000003,London,nhsRegion,2021-01-19,59241,7711
E40000003,London,nhsRegion,2021-01-18,58499,7917
E40000003,London,nhsRegion,2021-01-17,57795,7707
E40000003,London,nhsRegion,2021-01-16,57143,7571
E40000003,London,nhsRegion,2021-01-15,56385,7811
E40000003,London,nhsRegion,2021-01-14,55715,7840
E40000003,London,nhsRegion,2021-01-13,54952,7686
E40000003,London,nhsRegion,2021-01-12,54148,7606
E40000003,London,nhsRegion,2021-01-11,53273,7799
E40000003,London,nhsRegion,2021-01-10,52478,7494
E40000003,London,nhsRegion,2021-01-09,51744,7224
E40000003,London,nhsRegion,2021-01-08,50912,7277
E40000003,London,nhsRegion,2021-01-07,50099,7231
E40000003,London,nhsRegion,2021-01-06,49279,7034
E40000003,London,nhsRegion,2021-01-05,48302,6816
E40000003,London,nhsRegion,2021-01-04,47389,6733
E40000003,London,nhsRegion,2021-01-03,46559,6358
E40000003,London,nhsRegion,2021-01-02,45694,5861
E40000003,London,nhsRegion,2021-01-01,44866,5511
E40000003,London,nhsRegion,2020-12-31,44070,5685
E40000003,London,nhsRegion,2020-12-30,43362,5524
E40000003,London,nhsRegion,2020-12-29,42681,5371
E40000003,London,nhsRegion,2020-12-28,42002,4957
E40000003,London,nhsRegion,2020-12-27,41263,4591
E40000003,London,nhsRegion,2020-12-26,40634,4276
E40000003,London,nhsRegion,2020-12-25,40027,4019
E40000003,London,nhsRegion,2020-12-24,39449,3966
E40000003,London,nhsRegion,2020-12-23,38957,3578
E40000003,London,nhsRegion,2020-12-22,38446,3559
E40000003,London,nhsRegion,2020-12-21,37938,3367
E40000003,London,nhsRegion,2020-12-20,37433,3067
E40000003,London,nhsRegion,2020-12-19,37020,2909
E40000003,London,nhsRegion,2020-12-18,36616,2726
E40000003,London,nhsRegion,2020-12-17,36259,2607
E40000003,London,nhsRegion,2020-12-16,35893,2543
E40000003,London,nhsRegion,2020-12-15,35641,2482
E40000003,London,nhsRegion,2020-12-14,35309,2330
E40000003,London,nhsRegion,2020-12-13,35017,2212
E40000003,London,nhsRegion,2020-12-12,34730,2092
E40000003,London,nhsRegion,2020-12-11,34484,2031
E40000003,London,nhsRegion,2020-12-10,34207,1934
E40000003,London,nhsRegion,2020-12-09,33972,1787
E40000003,London,nhsRegion,2020-12-08,33724,1849
E40000003,London,nhsRegion,2020-12-07,33521,1822
E40000003,London,nhsRegion,2020-12-06,33311,1766
E40000003,London,nhsRegion,2020-12-05,33132,1710
E40000003,London,nhsRegion,2020-12-04,32991,1659
E40000003,London,nhsRegion,2020-12-03,32821,1685
E40000003,London,nhsRegion,2020-12-02,32665,1637
E40000003,London,nhsRegion,2020-12-01,32503,1701
E40000003,London,nhsRegion,2020-11-30,32343,1677
E40000003,London,nhsRegion,2020-11-29,32197,1663
E40000003,London,nhsRegion,2020-11-28,32043,1635
E40000003,London,nhsRegion,2020-11-27,31936,1674
E40000003,London,nhsRegion,2020-11-26,31812,1643
E40000003,London,nhsRegion,2020-11-25,31657,1611
E40000003,London,nhsRegion,2020-11-24,31457,1626
E40000003,London,nhsRegion,2020-11-23,31326,1675
E40000003,London,nhsRegion,2020-11-22,31179,1605
E40000003,London,nhsRegion,2020-11-21,31034,1591
E40000003,London,nhsRegion,2020-11-20,30869,1576
E40000003,London,nhsRegion,2020-11-19,30753,1551
E40000003,London,nhsRegion,2020-11-18,30580,1519
E40000003,London,nhsRegion,2020-11-17,30401,1520
E40000003,London,nhsRegion,2020-11-16,30249,1474
E40000003,London,nhsRegion,2020-11-15,30095,1390
E40000003,London,nhsRegion,2020-11-14,29925,1357
E40000003,London,nhsRegion,2020-11-13,29786,1298
E40000003,London,nhsRegion,2020-11-12,29650,1269
E40000003,London,nhsRegion,2020-11-11,29498,1223
E40000003,London,nhsRegion,2020-11-10,29364,1211
E40000003,London,nhsRegion,2020-11-09,29217,1210
E40000003,London,nhsRegion,2020-11-08,29081,1114
E40000003,London,nhsRegion,2020-11-07,28931,1108
E40000003,London,nhsRegion,2020-11-06,28822,1085
E40000003,London,nhsRegion,2020-11-05,28721,1102
E40000003,London,nhsRegion,2020-11-04,28603,1132
E40000003,London,nhsRegion,2020-11-03,28480,1111
E40000003,London,nhsRegion,2020-11-02,28377,1067
E40000003,London,nhsRegion,2020-11-01,28241,1032
E40000003,London,nhsRegion,2020-10-31,28107,963
E40000003,London,nhsRegion,2020-10-30,27975,945
E40000003,London,nhsRegion,2020-10-29,27849,921
E40000003,London,nhsRegion,2020-10-28,27709,933
E40000003,London,nhsRegion,2020-10-27,27597,889
E40000003,London,nhsRegion,2020-10-26,27488,815
E40000003,London,nhsRegion,2020-10-25,27333,762
E40000003,London,nhsRegion,2020-10-24,27215,722
E40000003,London,nhsRegion,2020-10-23,27107,698
E40000003,London,nhsRegion,2020-10-22,26982,606
E40000003,London,nhsRegion,2020-10-21,26874,633
E40000003,London,nhsRegion,2020-10-20,26760,610
E40000003,London,nhsRegion,2020-10-19,26671,594
E40000003,London,nhsRegion,2020-10-18,26581,542
E40000003,London,nhsRegion,2020-10-17,26486,502
E40000003,London,nhsRegion,2020-10-16,26399,490
E40000003,London,nhsRegion,2020-10-15,26332,439
E40000003,London,nhsRegion,2020-10-14,26254,430
E40000003,London,nhsRegion,2020-10-13,26178,442
E40000003,London,nhsRegion,2020-10-12,26105,389
E40000003,London,nhsRegion,2020-10-11,26036,365
E40000003,London,nhsRegion,2020-10-10,25986,341
E40000003,London,nhsRegion,2020-10-09,25935,348
E40000003,London,nhsRegion,2020-10-08,25880,343
E40000003,London,nhsRegion,2020-10-07,25841,350
E40000003,London,nhsRegion,2020-10-06,25795,320
E40000003,London,nhsRegion,2020-10-05,25752,326
E40000003,London,nhsRegion,2020-10-04,25705,287
E40000003,London,nhsRegion,2020-10-03,25678,280
E40000003,London,nhsRegion,2020-10-02,25640,276
E40000003,London,nhsRegion,2020-10-01,25603,275
E40000003,London,nhsRegion,2020-09-30,25553,278
E40000003,London,nhsRegion,2020-09-29,25522,275
E40000003,London,nhsRegion,2020-09-28,25486,267
E40000003,London,nhsRegion,2020-09-27,25458,224
E40000003,London,nhsRegion,2020-09-26,25435,200
E40000003,London,nhsRegion,2020-09-25,25407,230
E40000003,London,nhsRegion,2020-09-24,25371,219
E40000003,London,nhsRegion,2020-09-23,25324,210
E40000003,London,nhsRegion,2020-09-22,25288,210
E40000003,London,nhsRegion,2020-09-21,25253,190
E40000003,London,nhsRegion,2020-09-20,25209,171
E40000003,London,nhsRegion,2020-09-19,25171,161
E40000003,London,nhsRegion,2020-09-18,25139,150
E40000003,London,nhsRegion,2020-09-17,25098,147
E40000003,London,nhsRegion,2020-09-16,25070,137
E40000003,London,nhsRegion,2020-09-15,25045,136
E40000003,London,nhsRegion,2020-09-14,25019,123
E40000003,London,nhsRegion,2020-09-13,24988,100
E40000003,London,nhsRegion,2020-09-12,24965,98
E40000003,London,nhsRegion,2020-09-11,24946,115
E40000003,London,nhsRegion,2020-09-10,24933,98
E40000003,London,nhsRegion,2020-09-09,24914,96
E40000003,London,nhsRegion,2020-09-08,24897,100
E40000003,London,nhsRegion,2020-09-07,24886,98
E40000003,London,nhsRegion,2020-09-06,24881,87
E40000003,London,nhsRegion,2020-09-05,24869,90
E40000003,London,nhsRegion,2020-09-04,24846,86
E40000003,London,nhsRegion,2020-09-03,24835,87
E40000003,London,nhsRegion,2020-09-02,24820,84
E40000003,London,nhsRegion,2020-09-01,24809,88
E40000003,London,nhsRegion,2020-08-31,24803,81
E40000003,London,nhsRegion,2020-08-30,24797,78
E40000003,London,nhsRegion,2020-08-29,24791,73
E40000003,London,nhsRegion,2020-08-28,24785,82
E40000003,London,nhsRegion,2020-08-27,24774,86
E40000003,London,nhsRegion,2020-08-26,24769,83
E40000003,London,nhsRegion,2020-08-25,24764,81
E40000003,London,nhsRegion,2020-08-24,24755,85
E40000003,London,nhsRegion,2020-08-23,24749,84
E40000003,London,nhsRegion,2020-08-22,24741,79
E40000003,London,nhsRegion,2020-08-21,24738,84
E40000003,London,nhsRegion,2020-08-20,24733,89
E40000003,London,nhsRegion,2020-08-19,24727,90
E40000003,London,nhsRegion,2020-08-18,24720,98
E40000003,London,nhsRegion,2020-08-17,24714,107
E40000003,London,nhsRegion,2020-08-16,24712,100
E40000003,London,nhsRegion,2020-08-15,24705,100
E40000003,London,nhsRegion,2020-08-14,24701,103
E40000003,London,nhsRegion,2020-08-13,24693,104
E40000003,London,nhsRegion,2020-08-12,24684,111
E40000003,London,nhsRegion,2020-08-11,24679,105
E40000003,London,nhsRegion,2020-08-10,24661,107
E40000003,London,nhsRegion,2020-08-09,24652,107
E40000003,London,nhsRegion,2020-08-08,24642,126
E40000003,London,nhsRegion,2020-08-07,24640,105
E40000003,London,nhsRegion,2020-08-06,24633,113
E40000003,London,nhsRegion,2020-08-05,24626,111
E40000003,London,nhsRegion,2020-08-04,24614,118
E40000003,London,nhsRegion,2020-08-03,24609,122
E40000003,London,nhsRegion,2020-08-02,24607,120
E40000003,London,nhsRegion,2020-08-01,24597,126
E40000003,London,nhsRegion,2020-07-31,24592,128
E40000003,London,nhsRegion,2020-07-30,24590,134
E40000003,London,nhsRegion,2020-07-29,24585,131
E40000003,London,nhsRegion,2020-07-28,24574,127
E40000003,London,nhsRegion,2020-07-27,24567,133
E40000003,London,nhsRegion,2020-07-26,24557,139
E40000003,London,nhsRegion,2020-07-25,24548,108
E40000003,London,nhsRegion,2020-07-24,24543,147
E40000003,London,nhsRegion,2020-07-23,24528,165
E40000003,London,nhsRegion,2020-07-22,24514,173
E40000003,London,nhsRegion,2020-07-21,24503,175
E40000003,London,nhsRegion,2020-07-20,24492,180
E40000003,London,nhsRegion,2020-07-19,24478,179
E40000003,London,nhsRegion,2020-07-18,24471,179
E40000003,London,nhsRegion,2020-07-17,24466,187
E40000003,London,nhsRegion,2020-07-16,24448,191
E40000003,London,nhsRegion,2020-07-15,24424,212
E40000003,London,nhsRegion,2020-07-14,24402,229
E40000003,London,nhsRegion,2020-07-13,24383,247
E40000003,London,nhsRegion,2020-07-12,24365,247
E40000003,London,nhsRegion,2020-07-11,24349,206
E40000003,London,nhsRegion,2020-07-10,24332,255
E40000003,London,nhsRegion,2020-07-09,24306,265
E40000003,London,nhsRegion,2020-07-08,24279,269
E40000003,London,nhsRegion,2020-07-07,24249,284
E40000003,London,nhsRegion,2020-07-06,24223,291
E40000003,London,nhsRegion,2020-07-05,24193,288
E40000003,London,nhsRegion,2020-07-04,24170,293
E40000003,London,nhsRegion,2020-07-03,24154,316
E40000003,London,nhsRegion,2020-07-02,24134,320
E40000003,London,nhsRegion,2020-07-01,24107,334
E40000003,London,nhsRegion,2020-06-30,24054,386
E40000003,London,nhsRegion,2020-06-29,24026,398
E40000003,London,nhsRegion,2020-06-28,24006,392
E40000003,London,nhsRegion,2020-06-27,23988,408
E40000003,London,nhsRegion,2020-06-26,23959,423
E40000003,London,nhsRegion,2020-06-25,23920,439
E40000003,London,nhsRegion,2020-06-24,23873,477
E40000003,London,nhsRegion,2020-06-23,23822,452
E40000003,London,nhsRegion,2020-06-22,23753,453
E40000003,London,nhsRegion,2020-06-21,23693,446
E40000003,London,nhsRegion,2020-06-20,23668,466
E40000003,London,nhsRegion,2020-06-19,23649,466
E40000003,London,nhsRegion,2020-06-18,23602,494
E40000003,London,nhsRegion,2020-06-17,23552,508
E40000003,London,nhsRegion,2020-06-16,23496,539
E40000003,London,nhsRegion,2020-06-15,23440,503
E40000003,London,nhsRegion,2020-06-14,23391,531
E40000003,London,nhsRegion,2020-06-13,23369,540
E40000003,London,nhsRegion,2020-06-12,23349,568
E40000003,London,nhsRegion,2020-06-11,23319,620
E40000003,London,nhsRegion,2020-06-10,23287,675
E40000003,London,nhsRegion,2020-06-09,23246,707
E40000003,London,nhsRegion,2020-06-08,23211,701
E40000003,London,nhsRegion,2020-06-07,23142,691
E40000003,London,nhsRegion,2020-06-06,23086,707
E40000003,London,nhsRegion,2020-06-05,23040,783
E40000003,London,nhsRegion,2020-06-04,22990,795
E40000003,London,nhsRegion,2020-06-03,22932,813
E40000003,London,nhsRegion,2020-06-02,22864,855
E40000003,London,nhsRegion,2020-06-01,22813,862
E40000003,London,nhsRegion,2020-05-31,22765,891
E40000003,London,nhsRegion,2020-05-30,22723,915
E40000003,London,nhsRegion,2020-05-29,22693,1002
E40000003,London,nhsRegion,2020-05-28,22642,1029
E40000003,London,nhsRegion,2020-05-27,22585,1091
E40000003,London,nhsRegion,2020-05-26,22516,1144
E40000003,London,nhsRegion,2020-05-25,22449,1174
E40000003,London,nhsRegion,2020-05-24,22400,1160
E40000003,London,nhsRegion,2020-05-23,22359,1165
E40000003,London,nhsRegion,2020-05-22,22316,1240
E40000003,London,nhsRegion,2020-05-21,22239,1224
E40000003,London,nhsRegion,2020-05-20,22163,1247
E40000003,London,nhsRegion,2020-05-19,22092,1390
E40000003,London,nhsRegion,2020-05-18,22003,1496
E40000003,London,nhsRegion,2020-05-17,21929,1454
E40000003,London,nhsRegion,2020-05-16,21878,1552
E40000003,London,nhsRegion,2020-05-15,21819,1625
E40000003,London,nhsRegion,2020-05-14,21742,1667
E40000003,London,nhsRegion,2020-05-13,21651,1777
E40000003,London,nhsRegion,2020-05-12,21560,1827
E40000003,London,nhsRegion,2020-05-11,21480,1880
E40000003,London,nhsRegion,2020-05-10,21389,1889
E40000003,London,nhsRegion,2020-05-09,21303,1971
E40000003,London,nhsRegion,2020-05-08,21218,1955
E40000003,London,nhsRegion,2020-05-07,21119,2086
E40000003,London,nhsRegion,2020-05-06,20917,2154
E40000003,London,nhsRegion,2020-05-05,20701,2270
E40000003,London,nhsRegion,2020-05-04,20523,2328
E40000003,London,nhsRegion,2020-05-03,20354,2390
E40000003,London,nhsRegion,2020-05-02,20197,2432
E40000003,London,nhsRegion,2020-05-01,20047,2596
E40000003,London,nhsRegion,2020-04-30,19846,2703
E40000003,London,nhsRegion,2020-04-29,19663,2811
E40000003,London,nhsRegion,2020-04-28,19451,2794
E40000003,London,nhsRegion,2020-04-27,19203,3117
E40000003,London,nhsRegion,2020-04-26,18942,3115
E40000003,London,nhsRegion,2020-04-25,18755,3198
E40000003,London,nhsRegion,2020-04-24,18618,3281
E40000003,London,nhsRegion,2020-04-23,18447,3510
E40000003,London,nhsRegion,2020-04-22,18181,3768
E40000003,London,nhsRegion,2020-04-21,17956,3922
E40000003,London,nhsRegion,2020-04-20,17668,3940
E40000003,London,nhsRegion,2020-04-19,17360,4021
E40000003,London,nhsRegion,2020-04-18,17070,3993
E40000003,London,nhsRegion,2020-04-17,16787,4219
E40000003,London,nhsRegion,2020-04-16,16429,4395
E40000003,London,nhsRegion,2020-04-15,16041,4509
E40000003,London,nhsRegion,2020-04-14,15629,4621
E40000003,London,nhsRegion,2020-04-13,15182,4799
E40000003,London,nhsRegion,2020-04-12,14766,4931
E40000003,London,nhsRegion,2020-04-11,14382,4910
E40000003,London,nhsRegion,2020-04-10,13892,5168
E40000003,London,nhsRegion,2020-04-09,13361,5201
E40000003,London,nhsRegion,2020-04-08,12807,5198
E40000003,London,nhsRegion,2020-04-07,12063,5025
E40000003,London,nhsRegion,2020-04-06,11341,5058
E40000003,London,nhsRegion,2020-04-05,10598,4869
E40000003,London,nhsRegion,2020-04-04,9866,4691
E40000003,London,nhsRegion,2020-04-03,9133,4092
E40000003,London,nhsRegion,2020-04-02,8486,4168
E40000003,London,nhsRegion,2020-04-01,7651,4219
E40000003,London,nhsRegion,2020-03-31,6884,4073
E40000003,London,nhsRegion,2020-03-30,6239,3638
E40000003,London,nhsRegion,2020-03-29,5356,3464
E40000003,London,nhsRegion,2020-03-28,4684,3114
E40000003,London,nhsRegion,2020-03-27,4133,2829
E40000003,London,nhsRegion,2020-03-26,3494,2244
E40000003,London,nhsRegion,2020-03-25,2975,2051
E40000003,London,nhsRegion,2020-03-24,2300,1705
E40000003,London,nhsRegion,2020-03-23,1663,1559
E40000003,London,nhsRegion,2020-03-22,1158,1266
E40000003,London,nhsRegion,2020-03-21,823,1081
E40000003,London,nhsRegion,2020-03-20,512,841
E40000003,London,nhsRegion,2020-03-19,240,
E40000005,South East,nhsRegion,2022-07-13,,1955
E40000005,South East,nhsRegion,2022-07-12,,1936
E40000005,South East,nhsRegion,2022-07-11,106378,1939
E40000005,South East,nhsRegion,2022-07-10,106014,1891
E40000005,South East,nhsRegion,2022-07-09,105734,1836
E40000005,South East,nhsRegion,2022-07-08,105460,1794
E40000005,South East,nhsRegion,2022-07-07,105206,1744
E40000005,South East,nhsRegion,2022-07-06,104936,1652
E40000005,South East,nhsRegion,2022-07-05,104640,1639
E40000005,South East,nhsRegion,2022-07-04,104339,1537
E40000005,South East,nhsRegion,2022-07-03,104035,1433
E40000005,South East,nhsRegion,2022-07-02,103722,1332
E40000005,South East,nhsRegion,2022-07-01,103532,1319
E40000005,South East,nhsRegion,2022-06-30,103344,1188
E40000005,South East,nhsRegion,2022-06-29,103125,1116
E40000005,South East,nhsRegion,2022-06-28,102856,1045
E40000005,South East,nhsRegion,2022-06-27,102647,1031
E40000005,South East,nhsRegion,2022-06-26,102405,1003
E40000005,South East,nhsRegion,2022-06-25,102228,930
E40000005,South East,nhsRegion,2022-06-24,102089,885
E40000005,South East,nhsRegion,2022-06-23,101958,857
E40000005,South East,nhsRegion,2022-06-22,101777,812
E40000005,South East,nhsRegion,2022-06-21,101607,803
E40000005,South East,nhsRegion,2022-06-20,101441,781
E40000005,South East,nhsRegion,2022-06-19,101307,730
E40000005,South East,nhsRegion,2022-06-18,101165,690
E40000005,South East,nhsRegion,2022-06-17,101047,670
E40000005,South East,nhsRegion,2022-06-16,100925,678
E40000005,South East,nhsRegion,2022-06-15,100810,639
E40000005,South East,nhsRegion,2022-06-14,100712,625
E40000005,South East,nhsRegion,2022-06-13,100604,616
E40000005,South East,nhsRegion,2022-06-12,100508,556
E40000005,South East,nhsRegion,2022-06-11,100400,543
E40000005,South East,nhsRegion,2022-06-10,100312,533
E40000005,South East,nhsRegion,2022-06-09,100242,463
E40000005,South East,nhsRegion,2022-06-08,100144,492
E40000005,South East,nhsRegion,2022-06-07,100056,502
E40000005,South East,nhsRegion,2022-06-06,99950,478
E40000005,South East,nhsRegion,2022-06-05,99859,464
E40000005,South East,nhsRegion,2022-06-04,99755,434
E40000005,South East,nhsRegion,2022-06-03,99685,430
E40000005,South East,nhsRegion,2022-06-02,99613,413
E40000005,South East,nhsRegion,2022-06-01,99550,417
E40000005,South East,nhsRegion,2022-05-31,99477,431
E40000005,South East,nhsRegion,2022-05-30,99404,444
E40000005,South East,nhsRegion,2022-05-29,99340,422
E40000005,South East,nhsRegion,2022-05-28,99287,422
E40000005,South East,nhsRegion,2022-05-27,99230,449
E40000005,South East,nhsRegion,2022-05-26,99156,473
E40000005,South East,nhsRegion,2022-05-25,99093,525
E40000005,South East,nhsRegion,2022-05-24,99042,538
E40000005,South East,nhsRegion,2022-05-23,98977,568
E40000005,South East,nhsRegion,2022-05-22,98912,570
E40000005,South East,nhsRegion,2022-05-21,98834,593
E40000005,South East,nhsRegion,2022-05-20,98780,608
E40000005,South East,nhsRegion,2022-05-19,98725,637
E40000005,South East,nhsRegion,2022-05-18,98648,662
E40000005,South East,nhsRegion,2022-05-17,98552,665
E40000005,South East,nhsRegion,2022-05-16,98474,706
E40000005,South East,nhsRegion,2022-05-15,98379,702
E40000005,South East,nhsRegion,2022-05-14,98312,697
E40000005,South East,nhsRegion,2022-05-13,98222,721
E40000005,South East,nhsRegion,2022-05-12,98148,750
E40000005,South East,nhsRegion,2022-05-11,98047,815
E40000005,South East,nhsRegion,2022-05-10,97938,873
E40000005,South East,nhsRegion,2022-05-09,97817,901
E40000005,South East,nhsRegion,2022-05-08,97718,921
E40000005,South East,nhsRegion,2022-05-07,97621,920
E40000005,South East,nhsRegion,2022-05-06,97542,966
E40000005,South East,nhsRegion,2022-05-05,97435,1001
E40000005,South East,nhsRegion,2022-05-04,97314,1042
E40000005,South East,nhsRegion,2022-05-03,97198,1104
E40000005,South East,nhsRegion,2022-05-02,97072,1110
E40000005,South East,nhsRegion,2022-05-01,96924,1098
E40000005,South East,nhsRegion,2022-04-30,96779,1095
E40000005,South East,nhsRegion,2022-04-29,96680,1147
E40000005,South East,nhsRegion,2022-04-28,96558,1206
E40000005,South East,nhsRegion,2022-04-27,96435,1337
E40000005,South East,nhsRegion,2022-04-26,96287,1290
E40000005,South East,nhsRegion,2022-04-25,96120,1425
E40000005,South East,nhsRegion,2022-04-24,95966,1445
E40000005,South East,nhsRegion,2022-04-23,95818,1453
E40000005,South East,nhsRegion,2022-04-22,95690,1558
E40000005,South East,nhsRegion,2022-04-21,95538,1652
E40000005,South East,nhsRegion,2022-04-20,95357,1782
E40000005,South East,nhsRegion,2022-04-19,95166,1940
E40000005,South East,nhsRegion,2022-04-18,94967,1880
E40000005,South East,nhsRegion,2022-04-17,94733,1929
E40000005,South East,nhsRegion,2022-04-16,94523,1871
E40000005,South East,nhsRegion,2022-04-15,94349,2000
E40000005,South East,nhsRegion,2022-04-14,94177,2096
E40000005,South East,nhsRegion,2022-04-13,93922,2158
E40000005,South East,nhsRegion,2022-04-12,93635,2294
E40000005,South East,nhsRegion,2022-04-11,93352,2411
E40000005,South East,nhsRegion,2022-04-10,93075,2301
E40000005,South East,nhsRegion,2022-04-09,92785,2322
E40000005,South East,nhsRegion,2022-04-08,92499,2423
E40000005,South East,nhsRegion,2022-04-07,92228,2443
E40000005,South East,nhsRegion,2022-04-06,91908,2438
E40000005,South East,nhsRegion,2022-04-05,91527,2445
E40000005,South East,nhsRegion,2022-04-04,91155,2401
E40000005,South East,nhsRegion,2022-04-03,90804,2286
E40000005,South East,nhsRegion,2022-04-02,90403,2198
E40000005,South East,nhsRegion,2022-04-01,90081,2259
E40000005,South East,nhsRegion,2022-03-31,89800,2074
E40000005,South East,nhsRegion,2022-03-30,89473,2174
E40000005,South East,nhsRegion,2022-03-29,89101,2199
E40000005,South East,nhsRegion,2022-03-28,88767,2197
E40000005,South East,nhsRegion,2022-03-27,88418,2087
E40000005,South East,nhsRegion,2022-03-26,88099,1879
E40000005,South East,nhsRegion,2022-03-25,87761,2004
E40000005,South East,nhsRegion,2022-03-24,87420,1982
E40000005,South East,nhsRegion,2022-03-23,87093,1962
E40000005,South East,nhsRegion,2022-03-22,86772,1958
E40000005,South East,nhsRegion,2022-03-21,86428,1956
E40000005,South East,nhsRegion,2022-03-20,86079,1891
E40000005,South East,nhsRegion,2022-03-19,85772,1848
E40000005,South East,nhsRegion,2022-03-18,85478,1869
E40000005,South East,nhsRegion,2022-03-17,85233,1792
E40000005,South East,nhsRegion,2022-03-16,84929,1694
E40000005,South East,nhsRegion,2022-03-15,84597,1664
E40000005,South East,nhsRegion,2022-03-14,84266,1630
E40000005,South East,nhsRegion,2022-03-13,83967,1459
E40000005,South East,nhsRegion,2022-03-12,83676,1455
E40000005,South East,nhsRegion,2022-03-11,83459,1345
E40000005,South East,nhsRegion,2022-03-10,83222,1341
E40000005,South East,nhsRegion,2022-03-09,82969,1284
E40000005,South East,nhsRegion,2022-03-08,82707,1277
E40000005,South East,nhsRegion,2022-03-07,82437,1229
E40000005,South East,nhsRegion,2022-03-06,82232,1170
E40000005,South East,nhsRegion,2022-03-05,81990,1152
E40000005,South East,nhsRegion,2022-03-04,81818,1140
E40000005,South East,nhsRegion,2022-03-03,81619,1134
E40000005,South East,nhsRegion,2022-03-02,81392,1115
E40000005,South East,nhsRegion,2022-03-01,81172,1162
E40000005,South East,nhsRegion,2022-02-28,80985,1159
E40000005,South East,nhsRegion,2022-02-27,80807,1145
E40000005,South East,nhsRegion,2022-02-26,80630,1100
E40000005,South East,nhsRegion,2022-02-25,80481,1157
E40000005,South East,nhsRegion,2022-02-24,80323,1174
E40000005,South East,nhsRegion,2022-02-23,80165,1188
E40000005,South East,nhsRegion,2022-02-22,79995,1141
E40000005,South East,nhsRegion,2022-02-21,79833,1268
E40000005,South East,nhsRegion,2022-02-20,79663,1251
E40000005,South East,nhsRegion,2022-02-19,79478,1249
E40000005,South East,nhsRegion,2022-02-18,79342,1299
E40000005,South East,nhsRegion,2022-02-17,79230,1333
E40000005,South East,nhsRegion,2022-02-16,79066,1348
E40000005,South East,nhsRegion,2022-02-15,78880,1397
E40000005,South East,nhsRegion,2022-02-14,78668,1394
E40000005,South East,nhsRegion,2022-02-13,78467,1374
E40000005,South East,nhsRegion,2022-02-12,78273,1330
E40000005,South East,nhsRegion,2022-02-11,78099,1363
E40000005,South East,nhsRegion,2022-02-10,77956,1399
E40000005,South East,nhsRegion,2022-02-09,77779,1447
E40000005,South East,nhsRegion,2022-02-08,77590,1492
E40000005,South East,nhsRegion,2022-02-07,77391,1520
E40000005,South East,nhsRegion,2022-02-06,77213,1466
E40000005,South East,nhsRegion,2022-02-05,76979,1471
E40000005,South East,nhsRegion,2022-02-04,76831,1503
E40000005,South East,nhsRegion,2022-02-03,76658,1553
E40000005,South East,nhsRegion,2022-02-02,76442,1558
E40000005,South East,nhsRegion,2022-02-01,76243,1534
E40000005,South East,nhsRegion,2022-01-31,76023,1585
E40000005,South East,nhsRegion,2022-01-30,75797,1506
E40000005,South East,nhsRegion,2022-01-29,75626,1424
E40000005,South East,nhsRegion,2022-01-28,75412,1482
E40000005,South East,nhsRegion,2022-01-27,75201,1456
E40000005,South East,nhsRegion,2022-01-26,74972,1441
E40000005,South East,nhsRegion,2022-01-25,74732,1456
E40000005,South East,nhsRegion,2022-01-24,74487,1503
E40000005,South East,nhsRegion,2022-01-23,74283,1488
E40000005,South East,nhsRegion,2022-01-22,74080,1459
E40000005,South East,nhsRegion,2022-01-21,73929,1500
E40000005,South East,nhsRegion,2022-01-20,73754,1475
E40000005,South East,nhsRegion,2022-01-19,73540,1519
E40000005,South East,nhsRegion,2022-01-18,73332,1566
E40000005,South East,nhsRegion,2022-01-17,73119,1573
E40000005,South East,nhsRegion,2022-01-16,72938,1545
E40000005,South East,nhsRegion,2022-01-15,72765,1541
E40000005,South East,nhsRegion,2022-01-14,72585,1565
E40000005,South East,nhsRegion,2022-01-13,72406,1623
E40000005,South East,nhsRegion,2022-01-12,72205,1616
E40000005,South East,nhsRegion,2022-01-11,71994,1649
E40000005,South East,nhsRegion,2022-01-10,71738,1672
E40000005,South East,nhsRegion,2022-01-09,71514,1582
E40000005,South East,nhsRegion,2022-01-08,71285,1593
E40000005,South East,nhsRegion,2022-01-07,71091,1606
E40000005,South East,nhsRegion,2022-01-06,70890,1566
E40000005,South East,nhsRegion,2022-01-05,70696,1567
E40000005,South East,nhsRegion,2022-01-04,70450,1471
E40000005,South East,nhsRegion,2022-01-03,70233,1463
E40000005,South East,nhsRegion,2022-01-02,69978,1362
E40000005,South East,nhsRegion,2022-01-01,69810,1311
E40000005,South East,nhsRegion,2021-12-31,69578,1269
E40000005,South East,nhsRegion,2021-12-30,69388,1238
E40000005,South East,nhsRegion,2021-12-29,69157,1176
E40000005,South East,nhsRegion,2021-12-28,68907,1042
E40000005,South East,nhsRegion,2021-12-27,68680,926
E40000005,South East,nhsRegion,2021-12-26,68464,803
E40000005,South East,nhsRegion,2021-12-25,68300,794
E40000005,South East,nhsRegion,2021-12-24,68150,819
E40000005,South East,nhsRegion,2021-12-23,68045,822
E40000005,South East,nhsRegion,2021-12-22,67924,830
E40000005,South East,nhsRegion,2021-12-21,67779,857
E40000005,South East,nhsRegion,2021-12-20,67657,828
E40000005,South East,nhsRegion,2021-12-19,67540,818
E40000005,South East,nhsRegion,2021-12-18,67417,800
E40000005,South East,nhsRegion,2021-12-17,67324,806
E40000005,South East,nhsRegion,2021-12-16,67239,828
E40000005,South East,nhsRegion,2021-12-15,67130,835
E40000005,South East,nhsRegion,2021-12-14,67017,880
E40000005,South East,nhsRegion,2021-12-13,66916,889
E40000005,South East,nhsRegion,2021-12-12,66798,880
E40000005,South East,nhsRegion,2021-12-11,66662,859
E40000005,South East,nhsRegion,2021-12-10,66575,863
E40000005,South East,nhsRegion,2021-12-09,66455,877
E40000005,South East,nhsRegion,2021-12-08,66318,852
E40000005,South East,nhsRegion,2021-12-07,66208,847
E40000005,South East,nhsRegion,2021-12-06,66085,877
E40000005,South East,nhsRegion,2021-12-05,65965,850
E40000005,South East,nhsRegion,2021-12-04,65839,834
E40000005,South East,nhsRegion,2021-12-03,65749,815
E40000005,South East,nhsRegion,2021-12-02,65649,801
E40000005,South East,nhsRegion,2021-12-01,65502,770
E40000005,South East,nhsRegion,2021-11-30,65384,764
E40000005,South East,nhsRegion,2021-11-29,65261,782
E40000005,South East,nhsRegion,2021-11-28,65144,752
E40000005,South East,nhsRegion,2021-11-27,65041,743
E40000005,South East,nhsRegion,2021-11-26,64963,723
E40000005,South East,nhsRegion,2021-11-25,64866,751
E40000005,South East,nhsRegion,2021-11-24,64772,761
E40000005,South East,nhsRegion,2021-11-23,64657,775
E40000005,South East,nhsRegion,2021-11-22,64558,775
E40000005,South East,nhsRegion,2021-11-21,64460,763
E40000005,South East,nhsRegion,2021-11-20,64356,739
E40000005,South East,nhsRegion,2021-11-19,64278,777
E40000005,South East,nhsRegion,2021-11-18,64179,792
E40000005,South East,nhsRegion,2021-11-17,64076,783
E40000005,South East,nhsRegion,2021-11-16,63982,819
E40000005,South East,nhsRegion,2021-11-15,63876,865
E40000005,South East,nhsRegion,2021-11-14,63789,855
E40000005,South East,nhsRegion,2021-11-13,63675,838
E40000005,South East,nhsRegion,2021-11-12,63593,845
E40000005,South East,nhsRegion,2021-11-11,63477,842
E40000005,South East,nhsRegion,2021-11-10,63354,851
E40000005,South East,nhsRegion,2021-11-09,63246,855
E40000005,South East,nhsRegion,2021-11-08,63137,857
E40000005,South East,nhsRegion,2021-11-07,63022,836
E40000005,South East,nhsRegion,2021-11-06,62923,835
E40000005,South East,nhsRegion,2021-11-05,62831,847
E40000005,South East,nhsRegion,2021-11-04,62748,872
E40000005,South East,nhsRegion,2021-11-03,62653,842
E40000005,South East,nhsRegion,2021-11-02,62536,841
E40000005,South East,nhsRegion,2021-11-01,62399,832
E40000005,South East,nhsRegion,2021-10-31,62301,822
E40000005,South East,nhsRegion,2021-10-30,62193,834
E40000005,South East,nhsRegion,2021-10-29,62102,800
E40000005,South East,nhsRegion,2021-10-28,62010,800
E40000005,South East,nhsRegion,2021-10-27,61894,785
E40000005,South East,nhsRegion,2021-10-26,61770,792
E40000005,South East,nhsRegion,2021-10-25,61676,761
E40000005,South East,nhsRegion,2021-10-24,61560,717
E40000005,South East,nhsRegion,2021-10-23,61441,678
E40000005,South East,nhsRegion,2021-10-22,61354,669
E40000005,South East,nhsRegion,2021-10-21,61272,675
E40000005,South East,nhsRegion,2021-10-20,61189,652
E40000005,South East,nhsRegion,2021-10-19,61089,611
E40000005,South East,nhsRegion,2021-10-18,60966,578
E40000005,South East,nhsRegion,2021-10-17,60864,542
E40000005,South East,nhsRegion,2021-10-16,60766,487
E40000005,South East,nhsRegion,2021-10-15,60685,497
E40000005,South East,nhsRegion,2021-10-14,60596,477
E40000005,South East,nhsRegion,2021-10-13,60521,468
E40000005,South East,nhsRegion,2021-10-12,60440,462
E40000005,South East,nhsRegion,2021-10-11,60346,414
E40000005,South East,nhsRegion,2021-10-10,60269,430
E40000005,South East,nhsRegion,2021-10-09,60195,421
E40000005,South East,nhsRegion,2021-10-08,60145,430
E40000005,South East,nhsRegion,2021-10-07,60101,427
E40000005,South East,nhsRegion,2021-10-06,60045,431
E40000005,South East,nhsRegion,2021-10-05,59968,440
E40000005,South East,nhsRegion,2021-10-04,59916,444
E40000005,South East,nhsRegion,2021-10-03,59853,426
E40000005,South East,nhsRegion,2021-10-02,59796,402
E40000005,South East,nhsRegion,2021-10-01,59749,415
E40000005,South East,nhsRegion,2021-09-30,59705,437
E40000005,South East,nhsRegion,2021-09-29,59662,435
E40000005,South East,nhsRegion,2021-09-28,59607,447
E40000005,South East,nhsRegion,2021-09-27,59537,405
E40000005,South East,nhsRegion,2021-09-26,59482,404
E40000005,South East,nhsRegion,2021-09-25,59418,430
E40000005,South East,nhsRegion,2021-09-24,59385,432
E40000005,South East,nhsRegion,2021-09-23,59352,437
E40000005,South East,nhsRegion,2021-09-22,59295,432
E40000005,South East,nhsRegion,2021-09-21,59230,456
E40000005,South East,nhsRegion,2021-09-20,59166,434
E40000005,South East,nhsRegion,2021-09-19,59117,479
E40000005,South East,nhsRegion,2021-09-18,59077,478
E40000005,South East,nhsRegion,2021-09-17,59025,523
E40000005,South East,nhsRegion,2021-09-16,58985,563
E40000005,South East,nhsRegion,2021-09-15,58922,571
E40000005,South East,nhsRegion,2021-09-14,58839,602
E40000005,South East,nhsRegion,2021-09-13,58765,608
E40000005,South East,nhsRegion,2021-09-12,58688,601
E40000005,South East,nhsRegion,2021-09-11,58618,587
E40000005,South East,nhsRegion,2021-09-10,58552,598
E40000005,South East,nhsRegion,2021-09-09,58487,655
E40000005,South East,nhsRegion,2021-09-08,58405,647
E40000005,South East,nhsRegion,2021-09-07,58314,697
E40000005,South East,nhsRegion,2021-09-06,58206,704
E40000005,South East,nhsRegion,2021-09-05,58116,675
E40000005,South East,nhsRegion,2021-09-04,58040,673
E40000005,South East,nhsRegion,2021-09-03,57966,691
E40000005,South East,nhsRegion,2021-09-02,57913,657
E40000005,South East,nhsRegion,2021-09-01,57808,652
E40000005,South East,nhsRegion,2021-08-31,57689,625
E40000005,South East,nhsRegion,2021-08-30,57591,612
E40000005,South East,nhsRegion,2021-08-29,57500,567
E40000005,South East,nhsRegion,2021-08-28,57416,545
E40000005,South East,nhsRegion,2021-08-27,57342,596
E40000005,South East,nhsRegion,2021-08-26,57261,592
E40000005,South East,nhsRegion,2021-08-25,57174,603
E40000005,South East,nhsRegion,2021-08-24,57088,547
E40000005,South East,nhsRegion,2021-08-23,57002,590
E40000005,South East,nhsRegion,2021-08-22,56909,562
E40000005,South East,nhsRegion,2021-08-21,56826,529
E40000005,South East,nhsRegion,2021-08-20,56731,537
E40000005,South East,nhsRegion,2021-08-19,56660,548
E40000005,South East,nhsRegion,2021-08-18,56567,516
E40000005,South East,nhsRegion,2021-08-17,56475,507
E40000005,South East,nhsRegion,2021-08-16,56360,496
E40000005,South East,nhsRegion,2021-08-15,56274,476
E40000005,South East,nhsRegion,2021-08-14,56186,449
E40000005,South East,nhsRegion,2021-08-13,56118,436
E40000005,South East,nhsRegion,2021-08-12,56059,449
E40000005,South East,nhsRegion,2021-08-11,55980,439
E40000005,South East,nhsRegion,2021-08-10,55907,474
E40000005,South East,nhsRegion,2021-08-09,55833,445
E40000005,South East,nhsRegion,2021-08-08,55762,435
E40000005,South East,nhsRegion,2021-08-07,55694,427
E40000005,South East,nhsRegion,2021-08-06,55650,431
E40000005,South East,nhsRegion,2021-08-05,55592,426
E40000005,South East,nhsRegion,2021-08-04,55538,453
E40000005,South East,nhsRegion,2021-08-03,55464,452
E40000005,South East,nhsRegion,2021-08-02,55377,461
E40000005,South East,nhsRegion,2021-08-01,55296,466
E40000005,South East,nhsRegion,2021-07-31,55237,450
E40000005,South East,nhsRegion,2021-07-30,55187,476
E40000005,South East,nhsRegion,2021-07-29,55113,455
E40000005,South East,nhsRegion,2021-07-28,55026,468
E40000005,South East,nhsRegion,2021-07-27,54945,456
E40000005,South East,nhsRegion,2021-07-26,54846,446
E40000005,South East,nhsRegion,2021-07-25,54763,429
E40000005,South East,nhsRegion,2021-07-24,54684,402
E40000005,South East,nhsRegion,2021-07-23,54617,337
E40000005,South East,nhsRegion,2021-07-22,54556,359
E40000005,South East,nhsRegion,2021-07-21,54470,326
E40000005,South East,nhsRegion,2021-07-20,54394,315
E40000005,South East,nhsRegion,2021-07-19,54314,316
E40000005,South East,nhsRegion,2021-07-18,54240,286
E40000005,South East,nhsRegion,2021-07-17,54176,272
E40000005,South East,nhsRegion,2021-07-16,54104,261
E40000005,South East,nhsRegion,2021-07-15,54056,238
E40000005,South East,nhsRegion,2021-07-14,53992,227
E40000005,South East,nhsRegion,2021-07-13,53935,206
E40000005,South East,nhsRegion,2021-07-12,53892,180
E40000005,South East,nhsRegion,2021-07-11,53831,158
E40000005,South East,nhsRegion,2021-07-10,53787,156
E40000005,South East,nhsRegion,2021-07-09,53752,164
E40000005,South East,nhsRegion,2021-07-08,53722,170
E40000005,South East,nhsRegion,2021-07-07,53687,143
E40000005,South East,nhsRegion,2021-07-06,53640,139
E40000005,South East,nhsRegion,2021-07-05,53591,113
E40000005,South East,nhsRegion,2021-07-04,53557,114
E40000005,South East,nhsRegion,2021-07-03,53522,103
E40000005,South East,nhsRegion,2021-07-02,53494,97
E40000005,South East,nhsRegion,2021-07-01,53472,88
E40000005,South East,nhsRegion,2021-06-30,53449,85
E40000005,South East,nhsRegion,2021-06-29,53414,68
E40000005,South East,nhsRegion,2021-06-28,53387,67
E40000005,South East,nhsRegion,2021-06-27,53365,69
E40000005,South East,nhsRegion,2021-06-26,53349,65
E40000005,South East,nhsRegion,2021-06-25,53341,66
E40000005,South East,nhsRegion,2021-06-24,53330,60
E40000005,South East,nhsRegion,2021-06-23,53316,56
E40000005,South East,nhsRegion,2021-06-22,53303,64
E40000005,South East,nhsRegion,2021-06-21,53285,60
E40000005,South East,nhsRegion,2021-06-20,53279,57
E40000005,South East,nhsRegion,2021-06-19,53261,54
E40000005,South East,nhsRegion,2021-06-18,53252,59
E40000005,South East,nhsRegion,2021-06-17,53247,60
E40000005,South East,nhsRegion,2021-06-16,53238,58
E40000005,South East,nhsRegion,2021-06-15,53232,56
E40000005,South East,nhsRegion,2021-06-14,53220,44
E40000005,South East,nhsRegion,2021-06-13,53207,49
E40000005,South East,nhsRegion,2021-06-12,53195,48
E40000005,South East,nhsRegion,2021-06-11,53190,46
E40000005,South East,nhsRegion,2021-06-10,53183,61
E40000005,South East,nhsRegion,2021-06-09,53175,54
E40000005,South East,nhsRegion,2021-06-08,53167,74
E40000005,South East,nhsRegion,2021-06-07,53154,69
E40000005,South East,nhsRegion,2021-06-06,53148,63
E40000005,South East,nhsRegion,2021-06-05,53139,63
E40000005,South East,nhsRegion,2021-06-04,53131,65
E40000005,South East,nhsRegion,2021-06-03,53125,63
E40000005,South East,nhsRegion,2021-06-02,53122,58
E40000005,South East,nhsRegion,2021-06-01,53118,60
E40000005,South East,nhsRegion,2021-05-31,53108,58
E40000005,South East,nhsRegion,2021-05-30,53104,54
E40000005,South East,nhsRegion,2021-05-29,53100,56
E40000005,South East,nhsRegion,2021-05-28,53096,52
E40000005,South East,nhsRegion,2021-05-27,53093,54
E40000005,South East,nhsRegion,2021-05-26,53085,55
E40000005,South East,nhsRegion,2021-05-25,53074,55
E40000005,South East,nhsRegion,2021-05-24,53065,56
E40000005,South East,nhsRegion,2021-05-23,53054,50
E40000005,South East,nhsRegion,2021-05-22,53051,50
E40000005,South East,nhsRegion,2021-05-21,53048,50
E40000005,South East,nhsRegion,2021-05-20,53042,46
E40000005,South East,nhsRegion,2021-05-19,53034,55
E40000005,South East,nhsRegion,2021-05-18,53029,57
E40000005,South East,nhsRegion,2021-05-17,53023,62
E40000005,South East,nhsRegion,2021-05-16,53021,56
E40000005,South East,nhsRegion,2021-05-15,53014,55
E40000005,South East,nhsRegion,2021-05-14,53007,54
E40000005,South East,nhsRegion,2021-05-13,53005,58
E40000005,South East,nhsRegion,2021-05-12,53003,50
E40000005,South East,nhsRegion,2021-05-11,52999,63
E40000005,South East,nhsRegion,2021-05-10,52994,64
E40000005,South East,nhsRegion,2021-05-09,52989,62
E40000005,South East,nhsRegion,2021-05-08,52983,69
E40000005,South East,nhsRegion,2021-05-07,52976,76
E40000005,South East,nhsRegion,2021-05-06,52968,62
E40000005,South East,nhsRegion,2021-05-05,52960,86
E40000005,South East,nhsRegion,2021-05-04,52953,82
E40000005,South East,nhsRegion,2021-05-03,52950,84
E40000005,South East,nhsRegion,2021-05-02,52943,82
E40000005,South East,nhsRegion,2021-05-01,52933,96
E40000005,South East,nhsRegion,2021-04-30,52932,105
E40000005,South East,nhsRegion,2021-04-29,52923,115
E40000005,South East,nhsRegion,2021-04-28,52916,114
E40000005,South East,nhsRegion,2021-04-27,52906,120
E40000005,South East,nhsRegion,2021-04-26,52894,123
E40000005,South East,nhsRegion,2021-04-25,52886,125
E40000005,South East,nhsRegion,2021-04-24,52877,115
E40000005,South East,nhsRegion,2021-04-23,52870,116
E40000005,South East,nhsRegion,2021-04-22,52853,110
E40000005,South East,nhsRegion,2021-04-21,52842,109
E40000005,South East,nhsRegion,2021-04-20,52825,124
E40000005,South East,nhsRegion,2021-04-19,52807,120
E40000005,South East,nhsRegion,2021-04-18,52794,116
E40000005,South East,nhsRegion,2021-04-17,52775,121
E40000005,South East,nhsRegion,2021-04-16,52763,123
E40000005,South East,nhsRegion,2021-04-15,52755,133
E40000005,South East,nhsRegion,2021-04-14,52742,138
E40000005,South East,nhsRegion,2021-04-13,52732,144
E40000005,South East,nhsRegion,2021-04-12,52715,152
E40000005,South East,nhsRegion,2021-04-11,52690,151
E40000005,South East,nhsRegion,2021-04-10,52670,162
E40000005,South East,nhsRegion,2021-04-09,52662,172
E40000005,South East,nhsRegion,2021-04-08,52648,184
E40000005,South East,nhsRegion,2021-04-07,52633,210
E40000005,South East,nhsRegion,2021-04-06,52613,208
E40000005,South East,nhsRegion,2021-04-05,52593,221
E40000005,South East,nhsRegion,2021-04-04,52574,234
E40000005,South East,nhsRegion,2021-04-03,52558,241
E40000005,South East,nhsRegion,2021-04-02,52544,253
E40000005,South East,nhsRegion,2021-04-01,52536,276
E40000005,South East,nhsRegion,2021-03-31,52519,309
E40000005,South East,nhsRegion,2021-03-30,52502,321
E40000005,South East,nhsRegion,2021-03-29,52477,364
E40000005,South East,nhsRegion,2021-03-28,52459,364
E40000005,South East,nhsRegion,2021-03-27,52429,369
E40000005,South East,nhsRegion,2021-03-26,52411,404
E40000005,South East,nhsRegion,2021-03-25,52387,377
E40000005,South East,nhsRegion,2021-03-24,52366,461
E40000005,South East,nhsRegion,2021-03-23,52342,506
E40000005,South East,nhsRegion,2021-03-22,52316,517
E40000005,South East,nhsRegion,2021-03-21,52280,525
E40000005,South East,nhsRegion,2021-03-20,52244,549
E40000005,South East,nhsRegion,2021-03-19,52213,579
E40000005,South East,nhsRegion,2021-03-18,52171,618
E40000005,South East,nhsRegion,2021-03-17,52131,649
E40000005,South East,nhsRegion,2021-03-16,52088,676
E40000005,South East,nhsRegion,2021-03-15,52035,713
E40000005,South East,nhsRegion,2021-03-14,51985,742
E40000005,South East,nhsRegion,2021-03-13,51938,733
E40000005,South East,nhsRegion,2021-03-12,51900,798
E40000005,South East,nhsRegion,2021-03-11,51854,846
E40000005,South East,nhsRegion,2021-03-10,51799,883
E40000005,South East,nhsRegion,2021-03-09,51732,937
E40000005,South East,nhsRegion,2021-03-08,51673,983
E40000005,South East,nhsRegion,2021-03-07,51615,972
E40000005,South East,nhsRegion,2021-03-06,51550,1000
E40000005,South East,nhsRegion,2021-03-05,51479,1063
E40000005,South East,nhsRegion,2021-03-04,51410,1116
E40000005,South East,nhsRegion,2021-03-03,51333,1184
E40000005,South East,nhsRegion,2021-03-02,51257,1248
E40000005,South East,nhsRegion,2021-03-01,51168,1354
E40000005,South East,nhsRegion,2021-02-28,51069,1413
E40000005,South East,nhsRegion,2021-02-27,50987,1451
E40000005,South East,nhsRegion,2021-02-26,50912,1548
E40000005,South East,nhsRegion,2021-02-25,50818,1624
E40000005,South East,nhsRegion,2021-02-24,50708,1686
E40000005,South East,nhsRegion,2021-02-23,50571,1859
E40000005,South East,nhsRegion,2021-02-22,50441,1860
E40000005,South East,nhsRegion,2021-02-21,50328,1875
E40000005,South East,nhsRegion,2021-02-20,50168,1902
E40000005,South East,nhsRegion,2021-02-19,50055,2025
E40000005,South East,nhsRegion,2021-02-18,49900,2116
E40000005,South East,nhsRegion,2021-02-17,49745,2349
E40000005,South East,nhsRegion,2021-02-16,49562,2342
E40000005,South East,nhsRegion,2021-02-15,49347,2451
E40000005,South East,nhsRegion,2021-02-14,49203,2455
E40000005,South East,nhsRegion,2021-02-13,48985,2261
E40000005,South East,nhsRegion,2021-02-12,48818,2561
E40000005,South East,nhsRegion,2021-02-11,48635,2710
E40000005,South East,nhsRegion,2021-02-10,48464,2831
E40000005,South East,nhsRegion,2021-02-09,48256,3018
E40000005,South East,nhsRegion,2021-02-08,48056,3165
E40000005,South East,nhsRegion,2021-02-07,47822,3175
E40000005,South East,nhsRegion,2021-02-06,47616,3222
E40000005,South East,nhsRegion,2021-02-05,47390,3475
E40000005,South East,nhsRegion,2021-02-04,47155,3632
E40000005,South East,nhsRegion,2021-02-03,46906,3836
E40000005,South East,nhsRegion,2021-02-02,46608,4143
E40000005,South East,nhsRegion,2021-02-01,46311,4344
E40000005,South East,nhsRegion,2021-01-31,45976,4213
E40000005,South East,nhsRegion,2021-01-30,45661,4347
E40000005,South East,nhsRegion,2021-01-29,45312,4443
E40000005,South East,nhsRegion,2021-01-28,45005,4614
E40000005,South East,nhsRegion,2021-01-27,44615,4811
E40000005,South East,nhsRegion,2021-01-26,44215,5040
E40000005,South East,nhsRegion,2021-01-25,43821,5237
E40000005,South East,nhsRegion,2021-01-24,43449,5207
E40000005,South East,nhsRegion,2021-01-23,43064,5200
E40000005,South East,nhsRegion,2021-01-22,42611,5337
E40000005,South East,nhsRegion,2021-01-21,42214,5033
E40000005,South East,nhsRegion,2021-01-20,41713,5397
E40000005,South East,nhsRegion,2021-01-19,41155,5509
E40000005,South East,nhsRegion,2021-01-18,40617,5493
E40000005,South East,nhsRegion,2021-01-17,40091,5387
E40000005,South East,nhsRegion,2021-01-16,39571,5419
E40000005,South East,nhsRegion,2021-01-15,39081,5528
E40000005,South East,nhsRegion,2021-01-14,38609,5487
E40000005,South East,nhsRegion,2021-01-13,38027,5577
E40000005,South East,nhsRegion,2021-01-12,37405,5546
E40000005,South East,nhsRegion,2021-01-11,36775,5467
E40000005,South East,nhsRegion,2021-01-10,36168,5373
E40000005,South East,nhsRegion,2021-01-09,35585,5161
E40000005,South East,nhsRegion,2021-01-08,34929,5074
E40000005,South East,nhsRegion,2021-01-07,34288,5023
E40000005,South East,nhsRegion,2021-01-06,33627,4902
E40000005,South East,nhsRegion,2021-01-05,32911,4379
E40000005,South East,nhsRegion,2021-01-04,32274,4730
E40000005,South East,nhsRegion,2021-01-03,31617,4501
E40000005,South East,nhsRegion,2021-01-02,30952,4231
E40000005,South East,nhsRegion,2021-01-01,30361,4034
E40000005,South East,nhsRegion,2020-12-31,29723,4022
E40000005,South East,nhsRegion,2020-12-30,29319,3949
E40000005,South East,nhsRegion,2020-12-29,28767,3796
E40000005,South East,nhsRegion,2020-12-28,28263,3544
E40000005,South East,nhsRegion,2020-12-27,27840,3370
E40000005,South East,nhsRegion,2020-12-26,27325,3126
E40000005,South East,nhsRegion,2020-12-25,26904,2925
E40000005,South East,nhsRegion,2020-12-24,26575,2997
E40000005,South East,nhsRegion,2020-12-23,26248,2868
E40000005,South East,nhsRegion,2020-12-22,25927,2848
E40000005,South East,nhsRegion,2020-12-21,25559,2749
E40000005,South East,nhsRegion,2020-12-20,25205,2554
E40000005,South East,nhsRegion,2020-12-19,24858,2321
E40000005,South East,nhsRegion,2020-12-18,24479,2372
E40000005,South East,nhsRegion,2020-12-17,24179,2282
E40000005,South East,nhsRegion,2020-12-16,23870,2195
E40000005,South East,nhsRegion,2020-12-15,23533,2141
E40000005,South East,nhsRegion,2020-12-14,23262,2118
E40000005,South East,nhsRegion,2020-12-13,23013,1975
E40000005,South East,nhsRegion,2020-12-12,22755,1945
E40000005,South East,nhsRegion,2020-12-11,22493,1859
E40000005,South East,nhsRegion,2020-12-10,22258,1796
E40000005,South East,nhsRegion,2020-12-09,21999,1726
E40000005,South East,nhsRegion,2020-12-08,21767,1692
E40000005,South East,nhsRegion,2020-12-07,21564,1619
E40000005,South East,nhsRegion,2020-12-06,21360,1549
E40000005,South East,nhsRegion,2020-12-05,21165,1496
E40000005,South East,nhsRegion,2020-12-04,20978,1426
E40000005,South East,nhsRegion,2020-12-03,20803,1442
E40000005,South East,nhsRegion,2020-12-02,20595,1481
E40000005,South East,nhsRegion,2020-12-01,20416,1423
E40000005,South East,nhsRegion,2020-11-30,20282,1494
E40000005,South East,nhsRegion,2020-11-29,20130,1430
E40000005,South East,nhsRegion,2020-11-28,19966,1420
E40000005,South East,nhsRegion,2020-11-27,19819,1429
E40000005,South East,nhsRegion,2020-11-26,19695,1397
E40000005,South East,nhsRegion,2020-11-25,19559,1437
E40000005,South East,nhsRegion,2020-11-24,19393,1403
E40000005,South East,nhsRegion,2020-11-23,19245,1395
E40000005,South East,nhsRegion,2020-11-22,19087,1313
E40000005,South East,nhsRegion,2020-11-21,18943,1300
E40000005,South East,nhsRegion,2020-11-20,18769,1272
E40000005,South East,nhsRegion,2020-11-19,18624,1246
E40000005,South East,nhsRegion,2020-11-18,18423,1227
E40000005,South East,nhsRegion,2020-11-17,18259,1205
E40000005,South East,nhsRegion,2020-11-16,18118,1182
E40000005,South East,nhsRegion,2020-11-15,17979,1173
E40000005,South East,nhsRegion,2020-11-14,17849,1122
E40000005,South East,nhsRegion,2020-11-13,17717,1066
E40000005,South East,nhsRegion,2020-11-12,17620,967
E40000005,South East,nhsRegion,2020-11-11,17439,1011
E40000005,South East,nhsRegion,2020-11-10,17290,958
E40000005,South East,nhsRegion,2020-11-09,17180,947
E40000005,South East,nhsRegion,2020-11-08,17043,820
E40000005,South East,nhsRegion,2020-11-07,16906,821
E40000005,South East,nhsRegion,2020-11-06,16756,783
E40000005,South East,nhsRegion,2020-11-05,16649,770
E40000005,South East,nhsRegion,2020-11-04,16509,751
E40000005,South East,nhsRegion,2020-11-03,16400,711
E40000005,South East,nhsRegion,2020-11-02,16319,713
E40000005,South East,nhsRegion,2020-11-01,16204,665
E40000005,South East,nhsRegion,2020-10-31,16116,617
E40000005,South East,nhsRegion,2020-10-30,16018,589
E40000005,South East,nhsRegion,2020-10-29,15934,566
E40000005,South East,nhsRegion,2020-10-28,15831,541
E40000005,South East,nhsRegion,2020-10-27,15750,528
E40000005,South East,nhsRegion,2020-10-26,15666,483
E40000005,South East,nhsRegion,2020-10-25,15580,477
E40000005,South East,nhsRegion,2020-10-24,15513,456
E40000005,South East,nhsRegion,2020-10-23,15448,405
E40000005,South East,nhsRegion,2020-10-22,15378,339
E40000005,South East,nhsRegion,2020-10-21,15301,358
E40000005,South East,nhsRegion,2020-10-20,15236,325
E40000005,South East,nhsRegion,2020-10-19,15199,326
E40000005,South East,nhsRegion,2020-10-18,15148,228
E40000005,South East,nhsRegion,2020-10-17,15108,279
E40000005,South East,nhsRegion,2020-10-16,15074,263
E40000005,South East,nhsRegion,2020-10-15,15041,233
E40000005,South East,nhsRegion,2020-10-14,14989,225
E40000005,South East,nhsRegion,2020-10-13,14951,204
E40000005,South East,nhsRegion,2020-10-12,14903,189
E40000005,South East,nhsRegion,2020-10-11,14866,175
E40000005,South East,nhsRegion,2020-10-10,14839,163
E40000005,South East,nhsRegion,2020-10-09,14809,162
E40000005,South East,nhsRegion,2020-10-08,14775,144
E40000005,South East,nhsRegion,2020-10-07,14739,134
E40000005,South East,nhsRegion,2020-10-06,14698,121
E40000005,South East,nhsRegion,2020-10-05,14673,119
E40000005,South East,nhsRegion,2020-10-04,14652,108
E40000005,South East,nhsRegion,2020-10-03,14634,100
E40000005,South East,nhsRegion,2020-10-02,14615,109
E40000005,South East,nhsRegion,2020-10-01,14603,98
E40000005,South East,nhsRegion,2020-09-30,14587,103
E40000005,South East,nhsRegion,2020-09-29,14565,103
E40000005,South East,nhsRegion,2020-09-28,14551,117
E40000005,South East,nhsRegion,2020-09-27,14538,114
E40000005,South East,nhsRegion,2020-09-26,14532,102
E40000005,South East,nhsRegion,2020-09-25,14518,110
E40000005,South East,nhsRegion,2020-09-24,14500,104
E40000005,South East,nhsRegion,2020-09-23,14485,94
E40000005,South East,nhsRegion,2020-09-22,14461,87
E40000005,South East,nhsRegion,2020-09-21,14446,91
E40000005,South East,nhsRegion,2020-09-20,14432,79
E40000005,South East,nhsRegion,2020-09-19,14423,74
E40000005,South East,nhsRegion,2020-09-18,14407,82
E40000005,South East,nhsRegion,2020-09-17,14398,72
E40000005,South East,nhsRegion,2020-09-16,14390,64
E40000005,South East,nhsRegion,2020-09-15,14377,78
E40000005,South East,nhsRegion,2020-09-14,14370,71
E40000005,South East,nhsRegion,2020-09-13,14361,61
E40000005,South East,nhsRegion,2020-09-12,14349,63
E40000005,South East,nhsRegion,2020-09-11,14337,59
E40000005,South East,nhsRegion,2020-09-10,14326,53
E40000005,South East,nhsRegion,2020-09-09,14316,48
E40000005,South East,nhsRegion,2020-09-08,14299,47
E40000005,South East,nhsRegion,2020-09-07,14290,53
E40000005,South East,nhsRegion,2020-09-06,14286,44
E40000005,South East,nhsRegion,2020-09-05,14278,40
E40000005,South East,nhsRegion,2020-09-04,14272,43
E40000005,South East,nhsRegion,2020-09-03,14263,39
E40000005,South East,nhsRegion,2020-09-02,14255,38
E40000005,South East,nhsRegion,2020-09-01,14243,39
E40000005,South East,nhsRegion,2020-08-31,14236,42
E40000005,South East,nhsRegion,2020-08-30,14230,39
E40000005,South East,nhsRegion,2020-08-29,14228,37
E40000005,South East,nhsRegion,2020-08-28,14223,39
E40000005,South East,nhsRegion,2020-08-27,14216,47
E40000005,South East,nhsRegion,2020-08-26,14204,48
E40000005,South East,nhsRegion,2020-08-25,14197,50
E40000005,South East,nhsRegion,2020-08-24,14188,54
E40000005,South East,nhsRegion,2020-08-23,14180,53
E40000005,South East,nhsRegion,2020-08-22,14172,51
E40000005,South East,nhsRegion,2020-08-21,14167,64
E40000005,South East,nhsRegion,2020-08-20,14165,64
E40000005,South East,nhsRegion,2020-08-19,14161,65
E40000005,South East,nhsRegion,2020-08-18,14154,70
E40000005,South East,nhsRegion,2020-08-17,14148,69
E40000005,South East,nhsRegion,2020-08-16,14143,71
E40000005,South East,nhsRegion,2020-08-15,14138,72
E40000005,South East,nhsRegion,2020-08-14,14135,72
E40000005,South East,nhsRegion,2020-08-13,14126,63
E40000005,South East,nhsRegion,2020-08-12,14116,59
E40000005,South East,nhsRegion,2020-08-11,14103,68
E40000005,South East,nhsRegion,2020-08-10,14100,82
E40000005,South East,nhsRegion,2020-08-09,14096,72
E40000005,South East,nhsRegion,2020-08-08,14092,80
E40000005,South East,nhsRegion,2020-08-07,14085,77
E40000005,South East,nhsRegion,2020-08-06,14079,78
E40000005,South East,nhsRegion,2020-08-05,14077,106
E40000005,South East,nhsRegion,2020-08-04,14065,111
E40000005,South East,nhsRegion,2020-08-03,14056,122
E40000005,South East,nhsRegion,2020-08-02,14052,122
E40000005,South East,nhsRegion,2020-08-01,14047,123
E40000005,South East,nhsRegion,2020-07-31,14033,132
E40000005,South East,nhsRegion,2020-07-30,14023,136
E40000005,South East,nhsRegion,2020-07-29,14015,141
E40000005,South East,nhsRegion,2020-07-28,14006,135
E40000005,South East,nhsRegion,2020-07-27,13994,118
E40000005,South East,nhsRegion,2020-07-26,13981,141
E40000005,South East,nhsRegion,2020-07-25,13972,143
E40000005,South East,nhsRegion,2020-07-24,13965,157
E40000005,South East,nhsRegion,2020-07-23,13951,167
E40000005,South East,nhsRegion,2020-07-22,13939,179
E40000005,South East,nhsRegion,2020-07-21,13928,193
E40000005,South East,nhsRegion,2020-07-20,13921,200
E40000005,South East,nhsRegion,2020-07-19,13913,198
E40000005,South East,nhsRegion,2020-07-18,13900,194
E40000005,South East,nhsRegion,2020-07-17,13889,203
E40000005,South East,nhsRegion,2020-07-16,13877,201
E40000005,South East,nhsRegion,2020-07-15,13862,215
E40000005,South East,nhsRegion,2020-07-14,13847,215
E40000005,South East,nhsRegion,2020-07-13,13832,222
E40000005,South East,nhsRegion,2020-07-12,13807,222
E40000005,South East,nhsRegion,2020-07-11,13799,227
E40000005,South East,nhsRegion,2020-07-10,13785,235
E40000005,South East,nhsRegion,2020-07-09,13769,244
E40000005,South East,nhsRegion,2020-07-08,13744,242
E40000005,South East,nhsRegion,2020-07-07,13725,252
E40000005,South East,nhsRegion,2020-07-06,13702,251
E40000005,South East,nhsRegion,2020-07-05,13683,253
E40000005,South East,nhsRegion,2020-07-04,13668,256
E40000005,South East,nhsRegion,2020-07-03,13647,279
E40000005,South East,nhsRegion,2020-07-02,13628,279
E40000005,South East,nhsRegion,2020-07-01,13608,273
E40000005,South East,nhsRegion,2020-06-30,13581,282
E40000005,South East,nhsRegion,2020-06-29,13550,309
E40000005,South East,nhsRegion,2020-06-28,13527,297
E40000005,South East,nhsRegion,2020-06-27,13503,303
E40000005,South East,nhsRegion,2020-06-26,13472,286
E40000005,South East,nhsRegion,2020-06-25,13450,342
E40000005,South East,nhsRegion,2020-06-24,13423,338
E40000005,South East,nhsRegion,2020-06-23,13396,370
E40000005,South East,nhsRegion,2020-06-22,13375,381
E40000005,South East,nhsRegion,2020-06-21,13343,395
E40000005,South East,nhsRegion,2020-06-20,13316,373
E40000005,South East,nhsRegion,2020-06-19,13281,430
E40000005,South East,nhsRegion,2020-06-18,13256,431
E40000005,South East,nhsRegion,2020-06-17,13234,467
E40000005,South East,nhsRegion,2020-06-16,13206,474
E40000005,South East,nhsRegion,2020-06-15,13169,476
E40000005,South East,nhsRegion,2020-06-14,13124,489
E40000005,South East,nhsRegion,2020-06-13,13078,480
E40000005,South East,nhsRegion,2020-06-12,13050,511
E40000005,South East,nhsRegion,2020-06-11,13022,539
E40000005,South East,nhsRegion,2020-06-10,12995,556
E40000005,South East,nhsRegion,2020-06-09,12972,574
E40000005,South East,nhsRegion,2020-06-08,12933,605
E40000005,South East,nhsRegion,2020-06-07,12895,604
E40000005,South East,nhsRegion,2020-06-06,12852,634
E40000005,South East,nhsRegion,2020-06-05,12803,648
E40000005,South East,nhsRegion,2020-06-04,12761,671
E40000005,South East,nhsRegion,2020-06-03,12705,689
E40000005,South East,nhsRegion,2020-06-02,12648,701
E40000005,South East,nhsRegion,2020-06-01,12565,720
E40000005,South East,nhsRegion,2020-05-31,12509,700
E40000005,South East,nhsRegion,2020-05-30,12463,694
E40000005,South East,nhsRegion,2020-05-29,12389,753
E40000005,South East,nhsRegion,2020-05-28,12324,765
E40000005,South East,nhsRegion,2020-05-27,12245,821
E40000005,South East,nhsRegion,2020-05-26,12173,851
E40000005,South East,nhsRegion,2020-05-25,12099,826
E40000005,South East,nhsRegion,2020-05-24,12017,880
E40000005,South East,nhsRegion,2020-05-23,11939,851
E40000005,South East,nhsRegion,2020-05-22,11880,924
E40000005,South East,nhsRegion,2020-05-21,11802,907
E40000005,South East,nhsRegion,2020-05-20,11714,903
E40000005,South East,nhsRegion,2020-05-19,11607,940
E40000005,South East,nhsRegion,2020-05-18,11511,959
E40000005,South East,nhsRegion,2020-05-17,11407,966
E40000005,South East,nhsRegion,2020-05-16,11313,982
E40000005,South East,nhsRegion,2020-05-15,11242,1073
E40000005,South East,nhsRegion,2020-05-14,11157,1092
E40000005,South East,nhsRegion,2020-05-13,11044,1126
E40000005,South East,nhsRegion,2020-05-12,10945,1168
E40000005,South East,nhsRegion,2020-05-11,10836,1196
E40000005,South East,nhsRegion,2020-05-10,10723,1181
E40000005,South East,nhsRegion,2020-05-09,10584,1206
E40000005,South East,nhsRegion,2020-05-08,10488,1279
E40000005,South East,nhsRegion,2020-05-07,10397,1351
E40000005,South East,nhsRegion,2020-05-06,10290,1421
E40000005,South East,nhsRegion,2020-05-05,10163,1499
E40000005,South East,nhsRegion,2020-05-04,10052,1553
E40000005,South East,nhsRegion,2020-05-03,9931,1523
E40000005,South East,nhsRegion,2020-05-02,9794,1544
E40000005,South East,nhsRegion,2020-05-01,9652,1648
E40000005,South East,nhsRegion,2020-04-30,9498,1655
E40000005,South East,nhsRegion,2020-04-29,9334,1657
E40000005,South East,nhsRegion,2020-04-28,9138,1791
E40000005,South East,nhsRegion,2020-04-27,8985,1831
E40000005,South East,nhsRegion,2020-04-26,8786,1775
E40000005,South East,nhsRegion,2020-04-25,8604,1849
E40000005,South East,nhsRegion,2020-04-24,8436,1909
E40000005,South East,nhsRegion,2020-04-23,8201,2034
E40000005,South East,nhsRegion,2020-04-22,8020,2164
E40000005,South East,nhsRegion,2020-04-21,7818,2185
E40000005,South East,nhsRegion,2020-04-20,7620,2261
E40000005,South East,nhsRegion,2020-04-19,7393,2278
E40000005,South East,nhsRegion,2020-04-18,7194,2250
E40000005,South East,nhsRegion,2020-04-17,7014,2205
E40000005,South East,nhsRegion,2020-04-16,6754,2245
E40000005,South East,nhsRegion,2020-04-15,6428,2262
E40000005,South East,nhsRegion,2020-04-14,6200,2347
E40000005,South East,nhsRegion,2020-04-13,6015,2346
E40000005,South East,nhsRegion,2020-04-12,5788,2342
E40000005,South East,nhsRegion,2020-04-11,5560,2285
E40000005,South East,nhsRegion,2020-04-10,5325,2297
E40000005,South East,nhsRegion,2020-04-09,5056,2174
E40000005,South East,nhsRegion,2020-04-08,4770,2290
E40000005,South East,nhsRegion,2020-04-07,4521,2280
E40000005,South East,nhsRegion,2020-04-06,4168,2055
E40000005,South East,nhsRegion,2020-04-05,3842,2037
E40000005,South East,nhsRegion,2020-04-04,3565,1848
E40000005,South East,nhsRegion,2020-04-03,3217,1683
E40000005,South East,nhsRegion,2020-04-02,2885,1715
E40000005,South East,nhsRegion,2020-04-01,2563,1461
E40000005,South East,nhsRegion,2020-03-31,2259,1535
E40000005,South East,nhsRegion,2020-03-30,1964,1284
E40000005,South East,nhsRegion,2020-03-29,1647,1076
E40000005,South East,nhsRegion,2020-03-28,1374,861
E40000005,South East,nhsRegion,2020-03-27,1124,800
E40000005,South East,nhsRegion,2020-03-26,894,654
E40000005,South East,nhsRegion,2020-03-25,756,610
E40000005,South East,nhsRegion,2020-03-24,615,506
E40000005,South East,nhsRegion,2020-03-23,492,480
E40000005,South East,nhsRegion,2020-03-22,378,439
E40000005,South East,nhsRegion,2020-03-21,284,332
E40000005,South East,nhsRegion,2020-03-20,193,188
E40000005,South East,nhsRegion,2020-03-19,103,
E40000006,South West,nhsRegion,2022-07-13,,1215
E40000006,South West,nhsRegion,2022-07-12,,1229
E40000006,South West,nhsRegion,2022-07-11,65498,1181
E40000006,South West,nhsRegion,2022-07-10,65290,1131
E40000006,South West,nhsRegion,2022-07-09,65100,1115
E40000006,South West,nhsRegion,2022-07-08,64946,1107
E40000006,South West,nhsRegion,2022-07-07,64800,1092
E40000006,South West,nhsRegion,2022-07-06,64620,1024
E40000006,South West,nhsRegion,2022-07-05,64430,956
E40000006,South West,nhsRegion,2022-07-04,64257,875
E40000006,South West,nhsRegion,2022-07-03,64043,808
E40000006,South West,nhsRegion,2022-07-02,63854,766
E40000006,South West,nhsRegion,2022-07-01,63694,733
E40000006,South West,nhsRegion,2022-06-30,63558,671
E40000006,South West,nhsRegion,2022-06-29,63407,637
E40000006,South West,nhsRegion,2022-06-28,63239,564
E40000006,South West,nhsRegion,2022-06-27,63098,545
E40000006,South West,nhsRegion,2022-06-26,62939,540
E40000006,South West,nhsRegion,2022-06-25,62823,494
E40000006,South West,nhsRegion,2022-06-24,62746,502
E40000006,South West,nhsRegion,2022-06-23,62656,477
E40000006,South West,nhsRegion,2022-06-22,62572,464
E40000006,South West,nhsRegion,2022-06-21,62465,438
E40000006,South West,nhsRegion,2022-06-20,62360,428
E40000006,South West,nhsRegion,2022-06-19,62273,415
E40000006,South West,nhsRegion,2022-06-18,62198,404
E40000006,South West,nhsRegion,2022-06-17,62153,375
E40000006,South West,nhsRegion,2022-06-16,62081,361
E40000006,South West,nhsRegion,2022-06-15,61993,358
E40000006,South West,nhsRegion,2022-06-14,61914,357
E40000006,South West,nhsRegion,2022-06-13,61850,334
E40000006,South West,nhsRegion,2022-06-12,61778,313
E40000006,South West,nhsRegion,2022-06-11,61697,310
E40000006,South West,nhsRegion,2022-06-10,61643,318
E40000006,South West,nhsRegion,2022-06-09,61587,300
E40000006,South West,nhsRegion,2022-06-08,61533,303
E40000006,South West,nhsRegion,2022-06-07,61463,288
E40000006,South West,nhsRegion,2022-06-06,61409,297
E40000006,South West,nhsRegion,2022-06-05,61351,280
E40000006,South West,nhsRegion,2022-06-04,61310,281
E40000006,South West,nhsRegion,2022-06-03,61276,280
E40000006,South West,nhsRegion,2022-06-02,61242,268
E40000006,South West,nhsRegion,2022-06-01,61203,259
E40000006,South West,nhsRegion,2022-05-31,61148,265
E40000006,South West,nhsRegion,2022-05-30,61088,270
E40000006,South West,nhsRegion,2022-05-29,61045,251
E40000006,South West,nhsRegion,2022-05-28,61002,248
E40000006,South West,nhsRegion,2022-05-27,60956,272
E40000006,South West,nhsRegion,2022-05-26,60924,264
E40000006,South West,nhsRegion,2022-05-25,60875,268
E40000006,South West,nhsRegion,2022-05-24,60820,261
E40000006,South West,nhsRegion,2022-05-23,60775,300
E40000006,South West,nhsRegion,2022-05-22,60725,325
E40000006,South West,nhsRegion,2022-05-21,60682,322
E40000006,South West,nhsRegion,2022-05-20,60632,335
E40000006,South West,nhsRegion,2022-05-19,60573,332
E40000006,South West,nhsRegion,2022-05-18,60505,345
E40000006,South West,nhsRegion,2022-05-17,60449,341
E40000006,South West,nhsRegion,2022-05-16,60383,364
E40000006,South West,nhsRegion,2022-05-15,60318,373
E40000006,South West,nhsRegion,2022-05-14,60243,361
E40000006,South West,nhsRegion,2022-05-13,60201,397
E40000006,South West,nhsRegion,2022-05-12,60136,434
E40000006,South West,nhsRegion,2022-05-11,60059,439
E40000006,South West,nhsRegion,2022-05-10,60004,470
E40000006,South West,nhsRegion,2022-05-09,59919,523
E40000006,South West,nhsRegion,2022-05-08,59833,546
E40000006,South West,nhsRegion,2022-05-07,59773,555
E40000006,South West,nhsRegion,2022-05-06,59725,584
E40000006,South West,nhsRegion,2022-05-05,59650,631
E40000006,South West,nhsRegion,2022-05-04,59573,659
E40000006,South West,nhsRegion,2022-05-03,59471,700
E40000006,South West,nhsRegion,2022-05-02,59353,694
E40000006,South West,nhsRegion,2022-05-01,59267,697
E40000006,South West,nhsRegion,2022-04-30,59187,737
E40000006,South West,nhsRegion,2022-04-29,59109,770
E40000006,South West,nhsRegion,2022-04-28,59024,828
E40000006,South West,nhsRegion,2022-04-27,58922,868
E40000006,South West,nhsRegion,2022-04-26,58795,910
E40000006,South West,nhsRegion,2022-04-25,58682,1010
E40000006,South West,nhsRegion,2022-04-24,58564,993
E40000006,South West,nhsRegion,2022-04-23,58447,993
E40000006,South West,nhsRegion,2022-04-22,58317,1076
E40000006,South West,nhsRegion,2022-04-21,58183,1080
E40000006,South West,nhsRegion,2022-04-20,58037,1208
E40000006,South West,nhsRegion,2022-04-19,57868,1312
E40000006,South West,nhsRegion,2022-04-18,57727,1262
E40000006,South West,nhsRegion,2022-04-17,57557,1271
E40000006,South West,nhsRegion,2022-04-16,57390,1276
E40000006,South West,nhsRegion,2022-04-15,57227,1259
E40000006,South West,nhsRegion,2022-04-14,57063,1321
E40000006,South West,nhsRegion,2022-04-13,56873,1351
E40000006,South West,nhsRegion,2022-04-12,56655,1404
E40000006,South West,nhsRegion,2022-04-11,56416,1419
E40000006,South West,nhsRegion,2022-04-10,56192,1388
E40000006,South West,nhsRegion,2022-04-09,55969,1355
E40000006,South West,nhsRegion,2022-04-08,55768,1396
E40000006,South West,nhsRegion,2022-04-07,55554,1446
E40000006,South West,nhsRegion,2022-04-06,55311,1427
E40000006,South West,nhsRegion,2022-04-05,55045,1462
E40000006,South West,nhsRegion,2022-04-04,54824,1536
E40000006,South West,nhsRegion,2022-04-03,54584,1580
E40000006,South West,nhsRegion,2022-04-02,54354,1603
E40000006,South West,nhsRegion,2022-04-01,54153,1649
E40000006,South West,nhsRegion,2022-03-31,53908,1671
E40000006,South West,nhsRegion,2022-03-30,53678,1691
E40000006,South West,nhsRegion,2022-03-29,53415,1662
E40000006,South West,nhsRegion,2022-03-28,53170,1644
E40000006,South West,nhsRegion,2022-03-27,52862,1582
E40000006,South West,nhsRegion,2022-03-26,52609,1520
E40000006,South West,nhsRegion,2022-03-25,52375,1495
E40000006,South West,nhsRegion,2022-03-24,52142,1442
E40000006,South West,nhsRegion,2022-03-23,51853,1402
E40000006,South West,nhsRegion,2022-03-22,51568,1353
E40000006,South West,nhsRegion,2022-03-21,51307,1365
E40000006,South West,nhsRegion,2022-03-20,51043,1218
E40000006,South West,nhsRegion,2022-03-19,50829,1181
E40000006,South West,nhsRegion,2022-03-18,50580,1166
E40000006,South West,nhsRegion,2022-03-17,50357,1165
E40000006,South West,nhsRegion,2022-03-16,50123,1066
E40000006,South West,nhsRegion,2022-03-15,49848,1114
E40000006,South West,nhsRegion,2022-03-14,49564,1081
E40000006,South West,nhsRegion,2022-03-13,49368,1018
E40000006,South West,nhsRegion,2022-03-12,49135,966
E40000006,South West,nhsRegion,2022-03-11,48945,961
E40000006,South West,nhsRegion,2022-03-10,48757,918
E40000006,South West,nhsRegion,2022-03-09,48580,923
E40000006,South West,nhsRegion,2022-03-08,48390,923
E40000006,South West,nhsRegion,2022-03-07,48179,905
E40000006,South West,nhsRegion,2022-03-06,47969,849
E40000006,South West,nhsRegion,2022-03-05,47834,815
E40000006,South West,nhsRegion,2022-03-04,47658,805
E40000006,South West,nhsRegion,2022-03-03,47508,767
E40000006,South West,nhsRegion,2022-03-02,47341,749
E40000006,South West,nhsRegion,2022-03-01,47184,726
E40000006,South West,nhsRegion,2022-02-28,47035,746
E40000006,South West,nhsRegion,2022-02-27,46882,728
E40000006,South West,nhsRegion,2022-02-26,46774,691
E40000006,South West,nhsRegion,2022-02-25,46648,698
E40000006,South West,nhsRegion,2022-02-24,46549,680
E40000006,South West,nhsRegion,2022-02-23,46424,696
E40000006,South West,nhsRegion,2022-02-22,46306,697
E40000006,South West,nhsRegion,2022-02-21,46190,742
E40000006,South West,nhsRegion,2022-02-20,46057,723
E40000006,South West,nhsRegion,2022-02-19,45962,704
E40000006,South West,nhsRegion,2022-02-18,45863,759
E40000006,South West,nhsRegion,2022-02-17,45751,776
E40000006,South West,nhsRegion,2022-02-16,45637,754
E40000006,South West,nhsRegion,2022-02-15,45494,765
E40000006,South West,nhsRegion,2022-02-14,45352,745
E40000006,South West,nhsRegion,2022-02-13,45211,727
E40000006,South West,nhsRegion,2022-02-12,45066,708
E40000006,South West,nhsRegion,2022-02-11,44960,746
E40000006,South West,nhsRegion,2022-02-10,44841,788
E40000006,South West,nhsRegion,2022-02-09,44712,802
E40000006,South West,nhsRegion,2022-02-08,44559,834
E40000006,South West,nhsRegion,2022-02-07,44409,857
E40000006,South West,nhsRegion,2022-02-06,44292,827
E40000006,South West,nhsRegion,2022-02-05,44182,820
E40000006,South West,nhsRegion,2022-02-04,44048,837
E40000006,South West,nhsRegion,2022-02-03,43927,870
E40000006,South West,nhsRegion,2022-02-02,43802,891
E40000006,South West,nhsRegion,2022-02-01,43650,867
E40000006,South West,nhsRegion,2022-01-31,43504,869
E40000006,South West,nhsRegion,2022-01-30,43348,831
E40000006,South West,nhsRegion,2022-01-29,43239,798
E40000006,South West,nhsRegion,2022-01-28,43136,830
E40000006,South West,nhsRegion,2022-01-27,43022,835
E40000006,South West,nhsRegion,2022-01-26,42895,911
E40000006,South West,nhsRegion,2022-01-25,42754,882
E40000006,South West,nhsRegion,2022-01-24,42609,898
E40000006,South West,nhsRegion,2022-01-23,42440,871
E40000006,South West,nhsRegion,2022-01-22,42321,838
E40000006,South West,nhsRegion,2022-01-21,42227,847
E40000006,South West,nhsRegion,2022-01-20,42101,886
E40000006,South West,nhsRegion,2022-01-19,41960,882
E40000006,South West,nhsRegion,2022-01-18,41828,913
E40000006,South West,nhsRegion,2022-01-17,41685,957
E40000006,South West,nhsRegion,2022-01-16,41553,945
E40000006,South West,nhsRegion,2022-01-15,41438,924
E40000006,South West,nhsRegion,2022-01-14,41334,920
E40000006,South West,nhsRegion,2022-01-13,41208,908
E40000006,South West,nhsRegion,2022-01-12,41084,941
E40000006,South West,nhsRegion,2022-01-11,40952,921
E40000006,South West,nhsRegion,2022-01-10,40796,912
E40000006,South West,nhsRegion,2022-01-09,40647,856
E40000006,South West,nhsRegion,2022-01-08,40529,855
E40000006,South West,nhsRegion,2022-01-07,40398,867
E40000006,South West,nhsRegion,2022-01-06,40293,852
E40000006,South West,nhsRegion,2022-01-05,40155,852
E40000006,South West,nhsRegion,2022-01-04,40015,805
E40000006,South West,nhsRegion,2022-01-03,39866,772
E40000006,South West,nhsRegion,2022-01-02,39690,671
E40000006,South West,nhsRegion,2022-01-01,39560,703
E40000006,South West,nhsRegion,2021-12-31,39454,699
E40000006,South West,nhsRegion,2021-12-30,39345,673
E40000006,South West,nhsRegion,2021-12-29,39202,608
E40000006,South West,nhsRegion,2021-12-28,39042,562
E40000006,South West,nhsRegion,2021-12-27,38869,541
E40000006,South West,nhsRegion,2021-12-26,38737,490
E40000006,South West,nhsRegion,2021-12-25,38646,464
E40000006,South West,nhsRegion,2021-12-24,38565,486
E40000006,South West,nhsRegion,2021-12-23,38492,484
E40000006,South West,nhsRegion,2021-12-22,38402,491
E40000006,South West,nhsRegion,2021-12-21,38324,511
E40000006,South West,nhsRegion,2021-12-20,38238,519
E40000006,South West,nhsRegion,2021-12-19,38151,514
E40000006,South West,nhsRegion,2021-12-18,38084,522
E40000006,South West,nhsRegion,2021-12-17,38025,524
E40000006,South West,nhsRegion,2021-12-16,37943,570
E40000006,South West,nhsRegion,2021-12-15,37870,576
E40000006,South West,nhsRegion,2021-12-14,37772,565
E40000006,South West,nhsRegion,2021-12-13,37689,582
E40000006,South West,nhsRegion,2021-12-12,37605,566
E40000006,South West,nhsRegion,2021-12-11,37533,569
E40000006,South West,nhsRegion,2021-12-10,37462,572
E40000006,South West,nhsRegion,2021-12-09,37388,579
E40000006,South West,nhsRegion,2021-12-08,37289,572
E40000006,South West,nhsRegion,2021-12-07,37190,571
E40000006,South West,nhsRegion,2021-12-06,37107,559
E40000006,South West,nhsRegion,2021-12-05,37018,542
E40000006,South West,nhsRegion,2021-12-04,36937,543
E40000006,South West,nhsRegion,2021-12-03,36874,551
E40000006,South West,nhsRegion,2021-12-02,36806,562
E40000006,South West,nhsRegion,2021-12-01,36729,564
E40000006,South West,nhsRegion,2021-11-30,36650,578
E40000006,South West,nhsRegion,2021-11-29,36553,574
E40000006,South West,nhsRegion,2021-11-28,36474,539
E40000006,South West,nhsRegion,2021-11-27,36416,563
E40000006,South West,nhsRegion,2021-11-26,36341,576
E40000006,South West,nhsRegion,2021-11-25,36269,568
E40000006,South West,nhsRegion,2021-11-24,36179,571
E40000006,South West,nhsRegion,2021-11-23,36081,592
E40000006,South West,nhsRegion,2021-11-22,36000,611
E40000006,South West,nhsRegion,2021-11-21,35909,599
E40000006,South West,nhsRegion,2021-11-20,35835,560
E40000006,South West,nhsRegion,2021-11-19,35745,560
E40000006,South West,nhsRegion,2021-11-18,35674,553
E40000006,South West,nhsRegion,2021-11-17,35607,547
E40000006,South West,nhsRegion,2021-11-16,35500,540
E40000006,South West,nhsRegion,2021-11-15,35424,572
E40000006,South West,nhsRegion,2021-11-14,35346,572
E40000006,South West,nhsRegion,2021-11-13,35280,538
E40000006,South West,nhsRegion,2021-11-12,35222,567
E40000006,South West,nhsRegion,2021-11-11,35136,576
E40000006,South West,nhsRegion,2021-11-10,35035,598
E40000006,South West,nhsRegion,2021-11-09,34938,625
E40000006,South West,nhsRegion,2021-11-08,34842,621
E40000006,South West,nhsRegion,2021-11-07,34738,591
E40000006,South West,nhsRegion,2021-11-06,34640,596
E40000006,South West,nhsRegion,2021-11-05,34564,613
E40000006,South West,nhsRegion,2021-11-04,34480,637
E40000006,South West,nhsRegion,2021-11-03,34412,672
E40000006,South West,nhsRegion,2021-11-02,34320,711
E40000006,South West,nhsRegion,2021-11-01,34231,696
E40000006,South West,nhsRegion,2021-10-31,34117,667
E40000006,South West,nhsRegion,2021-10-30,34014,648
E40000006,South West,nhsRegion,2021-10-29,33919,637
E40000006,South West,nhsRegion,2021-10-28,33817,617
E40000006,South West,nhsRegion,2021-10-27,33721,613
E40000006,South West,nhsRegion,2021-10-26,33620,600
E40000006,South West,nhsRegion,2021-10-25,33502,597
E40000006,South West,nhsRegion,2021-10-24,33369,556
E40000006,South West,nhsRegion,2021-10-23,33276,548
E40000006,South West,nhsRegion,2021-10-22,33180,558
E40000006,South West,nhsRegion,2021-10-21,33115,565
E40000006,South West,nhsRegion,2021-10-20,33017,571
E40000006,South West,nhsRegion,2021-10-19,32920,549
E40000006,South West,nhsRegion,2021-10-18,32820,520
E40000006,South West,nhsRegion,2021-10-17,32702,469
E40000006,South West,nhsRegion,2021-10-16,32597,452
E40000006,South West,nhsRegion,2021-10-15,32519,446
E40000006,South West,nhsRegion,2021-10-14,32451,444
E40000006,South West,nhsRegion,2021-10-13,32380,433
E40000006,South West,nhsRegion,2021-10-12,32283,449
E40000006,South West,nhsRegion,2021-10-11,32194,440
E40000006,South West,nhsRegion,2021-10-10,32119,425
E40000006,South West,nhsRegion,2021-10-09,32048,413
E40000006,South West,nhsRegion,2021-10-08,31977,400
E40000006,South West,nhsRegion,2021-10-07,31894,359
E40000006,South West,nhsRegion,2021-10-06,31800,358
E40000006,South West,nhsRegion,2021-10-05,31723,338
E40000006,South West,nhsRegion,2021-10-04,31631,347
E40000006,South West,nhsRegion,2021-10-03,31552,331
E40000006,South West,nhsRegion,2021-10-02,31493,322
E40000006,South West,nhsRegion,2021-10-01,31438,334
E40000006,South West,nhsRegion,2021-09-30,31374,345
E40000006,South West,nhsRegion,2021-09-29,31310,341
E40000006,South West,nhsRegion,2021-09-28,31248,350
E40000006,South West,nhsRegion,2021-09-27,31186,328
E40000006,South West,nhsRegion,2021-09-26,31111,324
E40000006,South West,nhsRegion,2021-09-25,31052,329
E40000006,South West,nhsRegion,2021-09-24,30994,338
E40000006,South West,nhsRegion,2021-09-23,30938,362
E40000006,South West,nhsRegion,2021-09-22,30880,393
E40000006,South West,nhsRegion,2021-09-21,30813,416
E40000006,South West,nhsRegion,2021-09-20,30761,442
E40000006,South West,nhsRegion,2021-09-19,30700,430
E40000006,South West,nhsRegion,2021-09-18,30651,447
E40000006,South West,nhsRegion,2021-09-17,30602,451
E40000006,South West,nhsRegion,2021-09-16,30533,479
E40000006,South West,nhsRegion,2021-09-15,30464,486
E40000006,South West,nhsRegion,2021-09-14,30386,491
E40000006,South West,nhsRegion,2021-09-13,30314,515
E40000006,South West,nhsRegion,2021-09-12,30241,512
E40000006,South West,nhsRegion,2021-09-11,30181,512
E40000006,South West,nhsRegion,2021-09-10,30122,507
E40000006,South West,nhsRegion,2021-09-09,30047,514
E40000006,South West,nhsRegion,2021-09-08,29965,501
E40000006,South West,nhsRegion,2021-09-07,29877,482
E40000006,South West,nhsRegion,2021-09-06,29797,521
E40000006,South West,nhsRegion,2021-09-05,29708,497
E40000006,South West,nhsRegion,2021-09-04,29646,494
E40000006,South West,nhsRegion,2021-09-03,29563,470
E40000006,South West,nhsRegion,2021-09-02,29481,471
E40000006,South West,nhsRegion,2021-09-01,29384,471
E40000006,South West,nhsRegion,2021-08-31,29300,479
E40000006,South West,nhsRegion,2021-08-30,29229,460
E40000006,South West,nhsRegion,2021-08-29,29158,466
E40000006,South West,nhsRegion,2021-08-28,29089,467
E40000006,South West,nhsRegion,2021-08-27,29013,455
E40000006,South West,nhsRegion,2021-08-26,28942,443
E40000006,South West,nhsRegion,2021-08-25,28845,427
E40000006,South West,nhsRegion,2021-08-24,28753,432
E40000006,South West,nhsRegion,2021-08-23,28683,431
E40000006,South West,nhsRegion,2021-08-22,28600,427
E40000006,South West,nhsRegion,2021-08-21,28550,411
E40000006,South West,nhsRegion,2021-08-20,28477,391
E40000006,South West,nhsRegion,2021-08-19,28408,400
E40000006,South West,nhsRegion,2021-08-18,28342,400
E40000006,South West,nhsRegion,2021-08-17,28286,398
E40000006,South West,nhsRegion,2021-08-16,28206,409
E40000006,South West,nhsRegion,2021-08-15,28136,399
E40000006,South West,nhsRegion,2021-08-14,28081,379
E40000006,South West,nhsRegion,2021-08-13,28015,369
E40000006,South West,nhsRegion,2021-08-12,27944,356
E40000006,South West,nhsRegion,2021-08-11,27867,368
E40000006,South West,nhsRegion,2021-08-10,27809,349
E40000006,South West,nhsRegion,2021-08-09,27744,345
E40000006,South West,nhsRegion,2021-08-08,27685,345
E40000006,South West,nhsRegion,2021-08-07,27639,324
E40000006,South West,nhsRegion,2021-08-06,27587,339
E40000006,South West,nhsRegion,2021-08-05,27521,325
E40000006,South West,nhsRegion,2021-08-04,27463,317
E40000006,South West,nhsRegion,2021-08-03,27381,333
E40000006,South West,nhsRegion,2021-08-02,27338,330
E40000006,South West,nhsRegion,2021-08-01,27268,308
E40000006,South West,nhsRegion,2021-07-31,27204,316
E40000006,South West,nhsRegion,2021-07-30,27170,333
E40000006,South West,nhsRegion,2021-07-29,27116,322
E40000006,South West,nhsRegion,2021-07-28,27052,342
E40000006,South West,nhsRegion,2021-07-27,26992,321
E40000006,South West,nhsRegion,2021-07-26,26913,293
E40000006,South West,nhsRegion,2021-07-25,26834,264
E40000006,South West,nhsRegion,2021-07-24,26751,256
E40000006,South West,nhsRegion,2021-07-23,26701,254
E40000006,South West,nhsRegion,2021-07-22,26643,244
E40000006,South West,nhsRegion,2021-07-21,26565,238
E40000006,South West,nhsRegion,2021-07-20,26502,223
E40000006,South West,nhsRegion,2021-07-19,26434,228
E40000006,South West,nhsRegion,2021-07-18,26377,210
E40000006,South West,nhsRegion,2021-07-17,26317,204
E40000006,South West,nhsRegion,2021-07-16,26266,182
E40000006,South West,nhsRegion,2021-07-15,26203,170
E40000006,South West,nhsRegion,2021-07-14,26138,160
E40000006,South West,nhsRegion,2021-07-13,26087,159
E40000006,South West,nhsRegion,2021-07-12,26036,133
E40000006,South West,nhsRegion,2021-07-11,25988,120
E40000006,South West,nhsRegion,2021-07-10,25948,113
E40000006,South West,nhsRegion,2021-07-09,25921,105
E40000006,South West,nhsRegion,2021-07-08,25895,99
E40000006,South West,nhsRegion,2021-07-07,25862,104
E40000006,South West,nhsRegion,2021-07-06,25828,100
E40000006,South West,nhsRegion,2021-07-05,25798,108
E40000006,South West,nhsRegion,2021-07-04,25782,99
E40000006,South West,nhsRegion,2021-07-03,25762,88
E40000006,South West,nhsRegion,2021-07-02,25733,89
E40000006,South West,nhsRegion,2021-07-01,25708,83
E40000006,South West,nhsRegion,2021-06-30,25689,81
E40000006,South West,nhsRegion,2021-06-29,25661,76
E40000006,South West,nhsRegion,2021-06-28,25645,70
E40000006,South West,nhsRegion,2021-06-27,25625,61
E40000006,South West,nhsRegion,2021-06-26,25608,44
E40000006,South West,nhsRegion,2021-06-25,25596,62
E40000006,South West,nhsRegion,2021-06-24,25582,53
E40000006,South West,nhsRegion,2021-06-23,25569,47
E40000006,South West,nhsRegion,2021-06-22,25548,44
E40000006,South West,nhsRegion,2021-06-21,25532,44
E40000006,South West,nhsRegion,2021-06-20,25516,33
E40000006,South West,nhsRegion,2021-06-19,25509,32
E40000006,South West,nhsRegion,2021-06-18,25496,36
E40000006,South West,nhsRegion,2021-06-17,25482,31
E40000006,South West,nhsRegion,2021-06-16,25473,23
E40000006,South West,nhsRegion,2021-06-15,25463,22
E40000006,South West,nhsRegion,2021-06-14,25450,24
E40000006,South West,nhsRegion,2021-06-13,25447,19
E40000006,South West,nhsRegion,2021-06-12,25441,18
E40000006,South West,nhsRegion,2021-06-11,25436,18
E40000006,South West,nhsRegion,2021-06-10,25430,21
E40000006,South West,nhsRegion,2021-06-09,25422,16
E40000006,South West,nhsRegion,2021-06-08,25412,18
E40000006,South West,nhsRegion,2021-06-07,25405,18
E40000006,South West,nhsRegion,2021-06-06,25398,18
E40000006,South West,nhsRegion,2021-06-05,25397,14
E40000006,South West,nhsRegion,2021-06-04,25390,13
E40000006,South West,nhsRegion,2021-06-03,25384,16
E40000006,South West,nhsRegion,2021-06-02,25381,18
E40000006,South West,nhsRegion,2021-06-01,25380,16
E40000006,South West,nhsRegion,2021-05-31,25377,15
E40000006,South West,nhsRegion,2021-05-30,25374,14
E40000006,South West,nhsRegion,2021-05-29,25370,16
E40000006,South West,nhsRegion,2021-05-28,25369,13
E40000006,South West,nhsRegion,2021-05-27,25368,16
E40000006,South West,nhsRegion,2021-05-26,25366,19
E40000006,South West,nhsRegion,2021-05-25,25366,23
E40000006,South West,nhsRegion,2021-05-24,25366,18
E40000006,South West,nhsRegion,2021-05-23,25363,16
E40000006,South West,nhsRegion,2021-05-22,25359,15
E40000006,South West,nhsRegion,2021-05-21,25353,18
E40000006,South West,nhsRegion,2021-05-20,25349,15
E40000006,South West,nhsRegion,2021-05-19,25342,12
E40000006,South West,nhsRegion,2021-05-18,25334,16
E40000006,South West,nhsRegion,2021-05-17,25328,15
E40000006,South West,nhsRegion,2021-05-16,25324,15
E40000006,South West,nhsRegion,2021-05-15,25320,14
E40000006,South West,nhsRegion,2021-05-14,25317,18
E40000006,South West,nhsRegion,2021-05-13,25316,17
E40000006,South West,nhsRegion,2021-05-12,25311,27
E40000006,South West,nhsRegion,2021-05-11,25301,26
E40000006,South West,nhsRegion,2021-05-10,25294,31
E40000006,South West,nhsRegion,2021-05-09,25286,30
E40000006,South West,nhsRegion,2021-05-08,25281,27
E40000006,South West,nhsRegion,2021-05-07,25273,32
E40000006,South West,nhsRegion,2021-05-06,25266,31
E40000006,South West,nhsRegion,2021-05-05,25261,33
E40000006,South West,nhsRegion,2021-05-04,25253,39
E40000006,South West,nhsRegion,2021-05-03,25246,44
E40000006,South West,nhsRegion,2021-05-02,25243,42
E40000006,South West,nhsRegion,2021-05-01,25240,41
E40000006,South West,nhsRegion,2021-04-30,25236,44
E40000006,South West,nhsRegion,2021-04-29,25234,46
E40000006,South West,nhsRegion,2021-04-28,25231,52
E40000006,South West,nhsRegion,2021-04-27,25227,49
E40000006,South West,nhsRegion,2021-04-26,25219,63
E40000006,South West,nhsRegion,2021-04-25,25207,67
E40000006,South West,nhsRegion,2021-04-24,25201,69
E40000006,South West,nhsRegion,2021-04-23,25197,72
E40000006,South West,nhsRegion,2021-04-22,25189,66
E40000006,South West,nhsRegion,2021-04-21,25180,68
E40000006,South West,nhsRegion,2021-04-20,25170,71
E40000006,South West,nhsRegion,2021-04-19,25166,74
E40000006,South West,nhsRegion,2021-04-18,25155,70
E40000006,South West,nhsRegion,2021-04-17,25151,77
E40000006,South West,nhsRegion,2021-04-16,25142,76
E40000006,South West,nhsRegion,2021-04-15,25137,65
E40000006,South West,nhsRegion,2021-04-14,25128,70
E40000006,South West,nhsRegion,2021-04-13,25111,70
E40000006,South West,nhsRegion,2021-04-12,25101,66
E40000006,South West,nhsRegion,2021-04-11,25086,71
E40000006,South West,nhsRegion,2021-04-10,25080,73
E40000006,South West,nhsRegion,2021-04-09,25071,79
E40000006,South West,nhsRegion,2021-04-08,25058,78
E40000006,South West,nhsRegion,2021-04-07,25051,86
E40000006,South West,nhsRegion,2021-04-06,25038,95
E40000006,South West,nhsRegion,2021-04-05,25029,108
E40000006,South West,nhsRegion,2021-04-04,25022,101
E40000006,South West,nhsRegion,2021-04-03,25011,108
E40000006,South West,nhsRegion,2021-04-02,25006,106
E40000006,South West,nhsRegion,2021-04-01,24999,110
E40000006,South West,nhsRegion,2021-03-31,24985,113
E40000006,South West,nhsRegion,2021-03-30,24970,120
E40000006,South West,nhsRegion,2021-03-29,24956,125
E40000006,South West,nhsRegion,2021-03-28,24948,123
E40000006,South West,nhsRegion,2021-03-27,24935,127
E40000006,South West,nhsRegion,2021-03-26,24926,135
E40000006,South West,nhsRegion,2021-03-25,24908,148
E40000006,South West,nhsRegion,2021-03-24,24895,156
E40000006,South West,nhsRegion,2021-03-23,24871,161
E40000006,South West,nhsRegion,2021-03-22,24851,176
E40000006,South West,nhsRegion,2021-03-21,24830,170
E40000006,South West,nhsRegion,2021-03-20,24811,176
E40000006,South West,nhsRegion,2021-03-19,24793,180
E40000006,South West,nhsRegion,2021-03-18,24784,191
E40000006,South West,nhsRegion,2021-03-17,24761,192
E40000006,South West,nhsRegion,2021-03-16,24743,207
E40000006,South West,nhsRegion,2021-03-15,24720,232
E40000006,South West,nhsRegion,2021-03-14,24693,235
E40000006,South West,nhsRegion,2021-03-13,24670,229
E40000006,South West,nhsRegion,2021-03-12,24647,242
E40000006,South West,nhsRegion,2021-03-11,24624,259
E40000006,South West,nhsRegion,2021-03-10,24585,258
E40000006,South West,nhsRegion,2021-03-09,24548,283
E40000006,South West,nhsRegion,2021-03-08,24516,313
E40000006,South West,nhsRegion,2021-03-07,24489,297
E40000006,South West,nhsRegion,2021-03-06,24458,304
E40000006,South West,nhsRegion,2021-03-05,24424,325
E40000006,South West,nhsRegion,2021-03-04,24391,378
E40000006,South West,nhsRegion,2021-03-03,24347,405
E40000006,South West,nhsRegion,2021-03-02,24317,436
E40000006,South West,nhsRegion,2021-03-01,24286,471
E40000006,South West,nhsRegion,2021-02-28,24250,477
E40000006,South West,nhsRegion,2021-02-27,24214,492
E40000006,South West,nhsRegion,2021-02-26,24182,569
E40000006,South West,nhsRegion,2021-02-25,24145,610
E40000006,South West,nhsRegion,2021-02-24,24103,640
E40000006,South West,nhsRegion,2021-02-23,24047,631
E40000006,South West,nhsRegion,2021-02-22,23986,743
E40000006,South West,nhsRegion,2021-02-21,23934,758
E40000006,South West,nhsRegion,2021-02-20,23868,775
E40000006,South West,nhsRegion,2021-02-19,23830,824
E40000006,South West,nhsRegion,2021-02-18,23764,872
E40000006,South West,nhsRegion,2021-02-17,23686,930
E40000006,South West,nhsRegion,2021-02-16,23590,966
E40000006,South West,nhsRegion,2021-02-15,23502,1026
E40000006,South West,nhsRegion,2021-02-14,23423,1010
E40000006,South West,nhsRegion,2021-02-13,23334,1029
E40000006,South West,nhsRegion,2021-02-12,23263,1109
E40000006,South West,nhsRegion,2021-02-11,23167,1178
E40000006,South West,nhsRegion,2021-02-10,23057,1274
E40000006,South West,nhsRegion,2021-02-09,22947,1368
E40000006,South West,nhsRegion,2021-02-08,22850,1452
E40000006,South West,nhsRegion,2021-02-07,22722,1478
E40000006,South West,nhsRegion,2021-02-06,22602,1487
E40000006,South West,nhsRegion,2021-02-05,22478,1560
E40000006,South West,nhsRegion,2021-02-04,22329,1640
E40000006,South West,nhsRegion,2021-02-03,22219,1752
E40000006,South West,nhsRegion,2021-02-02,22062,1832
E40000006,South West,nhsRegion,2021-02-01,21878,1913
E40000006,South West,nhsRegion,2021-01-31,21705,1926
E40000006,South West,nhsRegion,2021-01-30,21557,1941
E40000006,South West,nhsRegion,2021-01-29,21407,1989
E40000006,South West,nhsRegion,2021-01-28,21201,2031
E40000006,South West,nhsRegion,2021-01-27,20978,2094
E40000006,South West,nhsRegion,2021-01-26,20767,2236
E40000006,South West,nhsRegion,2021-01-25,20560,2300
E40000006,South West,nhsRegion,2021-01-24,20352,2253
E40000006,South West,nhsRegion,2021-01-23,20140,2218
E40000006,South West,nhsRegion,2021-01-22,19947,2273
E40000006,South West,nhsRegion,2021-01-21,19676,2311
E40000006,South West,nhsRegion,2021-01-20,19437,2347
E40000006,South West,nhsRegion,2021-01-19,19156,2337
E40000006,South West,nhsRegion,2021-01-18,18871,2366
E40000006,South West,nhsRegion,2021-01-17,18575,2249
E40000006,South West,nhsRegion,2021-01-16,18294,2269
E40000006,South West,nhsRegion,2021-01-15,18047,2244
E40000006,South West,nhsRegion,2021-01-14,17775,2129
E40000006,South West,nhsRegion,2021-01-13,17449,2054
E40000006,South West,nhsRegion,2021-01-12,17102,1946
E40000006,South West,nhsRegion,2021-01-11,16783,1936
E40000006,South West,nhsRegion,2021-01-10,16495,1792
E40000006,South West,nhsRegion,2021-01-09,16216,1680
E40000006,South West,nhsRegion,2021-01-08,15939,1593
E40000006,South West,nhsRegion,2021-01-07,15690,1557
E40000006,South West,nhsRegion,2021-01-06,15447,1499
E40000006,South West,nhsRegion,2021-01-05,15196,1414
E40000006,South West,nhsRegion,2021-01-04,14996,1401
E40000006,South West,nhsRegion,2021-01-03,14724,1323
E40000006,South West,nhsRegion,2021-01-02,14534,1236
E40000006,South West,nhsRegion,2021-01-01,14366,1199
E40000006,South West,nhsRegion,2020-12-31,14193,1177
E40000006,South West,nhsRegion,2020-12-30,14053,1166
E40000006,South West,nhsRegion,2020-12-29,13833,1124
E40000006,South West,nhsRegion,2020-12-28,13685,1103
E40000006,South West,nhsRegion,2020-12-27,13522,1058
E40000006,South West,nhsRegion,2020-12-26,13409,1045
E40000006,South West,nhsRegion,2020-12-25,13295,1031
E40000006,South West,nhsRegion,2020-12-24,13194,1106
E40000006,South West,nhsRegion,2020-12-23,13103,1108
E40000006,South West,nhsRegion,2020-12-22,13000,1102
E40000006,South West,nhsRegion,2020-12-21,12870,1112
E40000006,South West,nhsRegion,2020-12-20,12758,1076
E40000006,South West,nhsRegion,2020-12-19,12652,1051
E40000006,South West,nhsRegion,2020-12-18,12561,1026
E40000006,South West,nhsRegion,2020-12-17,12471,1025
E40000006,South West,nhsRegion,2020-12-16,12338,1021
E40000006,South West,nhsRegion,2020-12-15,12233,1005
E40000006,South West,nhsRegion,2020-12-14,12121,1005
E40000006,South West,nhsRegion,2020-12-13,11996,946
E40000006,South West,nhsRegion,2020-12-12,11878,843
E40000006,South West,nhsRegion,2020-12-11,11775,913
E40000006,South West,nhsRegion,2020-12-10,11672,901
E40000006,South West,nhsRegion,2020-12-09,11568,913
E40000006,South West,nhsRegion,2020-12-08,11437,907
E40000006,South West,nhsRegion,2020-12-07,11352,912
E40000006,South West,nhsRegion,2020-12-06,11238,887
E40000006,South West,nhsRegion,2020-12-05,11146,877
E40000006,South West,nhsRegion,2020-12-04,11063,905
E40000006,South West,nhsRegion,2020-12-03,10994,906
E40000006,South West,nhsRegion,2020-12-02,10907,926
E40000006,South West,nhsRegion,2020-12-01,10810,971
E40000006,South West,nhsRegion,2020-11-30,10732,1016
E40000006,South West,nhsRegion,2020-11-29,10648,988
E40000006,South West,nhsRegion,2020-11-28,10554,899
E40000006,South West,nhsRegion,2020-11-27,10454,996
E40000006,South West,nhsRegion,2020-11-26,10367,1017
E40000006,South West,nhsRegion,2020-11-25,10266,1020
E40000006,South West,nhsRegion,2020-11-24,10145,1038
E40000006,South West,nhsRegion,2020-11-23,10042,1025
E40000006,South West,nhsRegion,2020-11-22,9920,986
E40000006,South West,nhsRegion,2020-11-21,9803,964
E40000006,South West,nhsRegion,2020-11-20,9700,1008
E40000006,South West,nhsRegion,2020-11-19,9605,1001
E40000006,South West,nhsRegion,2020-11-18,9511,990
E40000006,South West,nhsRegion,2020-11-17,9384,891
E40000006,South West,nhsRegion,2020-11-16,9257,896
E40000006,South West,nhsRegion,2020-11-15,9152,930
E40000006,South West,nhsRegion,2020-11-14,9032,891
E40000006,South West,nhsRegion,2020-11-13,8927,848
E40000006,South West,nhsRegion,2020-11-12,8798,814
E40000006,South West,nhsRegion,2020-11-11,8628,797
E40000006,South West,nhsRegion,2020-11-10,8493,765
E40000006,South West,nhsRegion,2020-11-09,8414,719
E40000006,South West,nhsRegion,2020-11-08,8305,678
E40000006,South West,nhsRegion,2020-11-07,8194,629
E40000006,South West,nhsRegion,2020-11-06,8084,582
E40000006,South West,nhsRegion,2020-11-05,7981,555
E40000006,South West,nhsRegion,2020-11-04,7876,539
E40000006,South West,nhsRegion,2020-11-03,7774,534
E40000006,South West,nhsRegion,2020-11-02,7688,511
E40000006,South West,nhsRegion,2020-11-01,7597,461
E40000006,South West,nhsRegion,2020-10-31,7521,453
E40000006,South West,nhsRegion,2020-10-30,7422,418
E40000006,South West,nhsRegion,2020-10-29,7342,401
E40000006,South West,nhsRegion,2020-10-28,7273,380
E40000006,South West,nhsRegion,2020-10-27,7204,342
E40000006,South West,nhsRegion,2020-10-26,7141,310
E40000006,South West,nhsRegion,2020-10-25,7053,271
E40000006,South West,nhsRegion,2020-10-24,6989,264
E40000006,South West,nhsRegion,2020-10-23,6943,257
E40000006,South West,nhsRegion,2020-10-22,6907,245
E40000006,South West,nhsRegion,2020-10-21,6871,225
E40000006,South West,nhsRegion,2020-10-20,6823,217
E40000006,South West,nhsRegion,2020-10-19,6780,198
E40000006,South West,nhsRegion,2020-10-18,6728,168
E40000006,South West,nhsRegion,2020-10-17,6694,163
E40000006,South West,nhsRegion,2020-10-16,6657,156
E40000006,South West,nhsRegion,2020-10-15,6635,127
E40000006,South West,nhsRegion,2020-10-14,6602,122
E40000006,South West,nhsRegion,2020-10-13,6556,112
E40000006,South West,nhsRegion,2020-10-12,6533,110
E40000006,South West,nhsRegion,2020-10-11,6501,99
E40000006,South West,nhsRegion,2020-10-10,6467,94
E40000006,South West,nhsRegion,2020-10-09,6449,83
E40000006,South West,nhsRegion,2020-10-08,6426,69
E40000006,South West,nhsRegion,2020-10-07,6391,70
E40000006,South West,nhsRegion,2020-10-06,6370,64
E40000006,South West,nhsRegion,2020-10-05,6349,63
E40000006,South West,nhsRegion,2020-10-04,6329,57
E40000006,South West,nhsRegion,2020-10-03,6314,50
E40000006,South West,nhsRegion,2020-10-02,6304,39
E40000006,South West,nhsRegion,2020-10-01,6290,36
E40000006,South West,nhsRegion,2020-09-30,6277,35
E40000006,South West,nhsRegion,2020-09-29,6272,42
E40000006,South West,nhsRegion,2020-09-28,6263,38
E40000006,South West,nhsRegion,2020-09-27,6259,40
E40000006,South West,nhsRegion,2020-09-26,6255,37
E40000006,South West,nhsRegion,2020-09-25,6250,36
E40000006,South West,nhsRegion,2020-09-24,6242,35
E40000006,South West,nhsRegion,2020-09-23,6233,38
E40000006,South West,nhsRegion,2020-09-22,6227,34
E40000006,South West,nhsRegion,2020-09-21,6219,29
E40000006,South West,nhsRegion,2020-09-20,6211,25
E40000006,South West,nhsRegion,2020-09-19,6203,20
E40000006,South West,nhsRegion,2020-09-18,6196,16
E40000006,South West,nhsRegion,2020-09-17,6192,14
E40000006,South West,nhsRegion,2020-09-16,6188,19
E40000006,South West,nhsRegion,2020-09-15,6183,15
E40000006,South West,nhsRegion,2020-09-14,6179,17
E40000006,South West,nhsRegion,2020-09-13,6179,17
E40000006,South West,nhsRegion,2020-09-12,6176,19
E40000006,South West,nhsRegion,2020-09-11,6175,14
E40000006,South West,nhsRegion,2020-09-10,6172,15
E40000006,South West,nhsRegion,2020-09-09,6165,14
E40000006,South West,nhsRegion,2020-09-08,6160,13
E40000006,South West,nhsRegion,2020-09-07,6155,14
E40000006,South West,nhsRegion,2020-09-06,6153,14
E40000006,South West,nhsRegion,2020-09-05,6151,11
E40000006,South West,nhsRegion,2020-09-04,6150,12
E40000006,South West,nhsRegion,2020-09-03,6149,12
E40000006,South West,nhsRegion,2020-09-02,6148,13
E40000006,South West,nhsRegion,2020-09-01,6144,15
E40000006,South West,nhsRegion,2020-08-31,6142,18
E40000006,South West,nhsRegion,2020-08-30,6142,17
E40000006,South West,nhsRegion,2020-08-29,6141,18
E40000006,South West,nhsRegion,2020-08-28,6139,14
E40000006,South West,nhsRegion,2020-08-27,6137,15
E40000006,South West,nhsRegion,2020-08-26,6135,17
E40000006,South West,nhsRegion,2020-08-25,6135,17
E40000006,South West,nhsRegion,2020-08-24,6133,18
E40000006,South West,nhsRegion,2020-08-23,6131,20
E40000006,South West,nhsRegion,2020-08-22,6130,22
E40000006,South West,nhsRegion,2020-08-21,6129,18
E40000006,South West,nhsRegion,2020-08-20,6123,18
E40000006,South West,nhsRegion,2020-08-19,6118,18
E40000006,South West,nhsRegion,2020-08-18,6114,19
E40000006,South West,nhsRegion,2020-08-17,6109,19
E40000006,South West,nhsRegion,2020-08-16,6106,24
E40000006,South West,nhsRegion,2020-08-15,6104,17
E40000006,South West,nhsRegion,2020-08-14,6102,18
E40000006,South West,nhsRegion,2020-08-13,6100,15
E40000006,South West,nhsRegion,2020-08-12,6099,15
E40000006,South West,nhsRegion,2020-08-11,6095,16
E40000006,South West,nhsRegion,2020-08-10,6093,20
E40000006,South West,nhsRegion,2020-08-09,6089,19
E40000006,South West,nhsRegion,2020-08-08,6089,18
E40000006,South West,nhsRegion,2020-08-07,6087,20
E40000006,South West,nhsRegion,2020-08-06,6083,22
E40000006,South West,nhsRegion,2020-08-05,6080,26
E40000006,South West,nhsRegion,2020-08-04,6079,23
E40000006,South West,nhsRegion,2020-08-03,6075,23
E40000006,South West,nhsRegion,2020-08-02,6071,23
E40000006,South West,nhsRegion,2020-08-01,6067,21
E40000006,South West,nhsRegion,2020-07-31,6066,22
E40000006,South West,nhsRegion,2020-07-30,6062,22
E40000006,South West,nhsRegion,2020-07-29,6060,24
E40000006,South West,nhsRegion,2020-07-28,6057,24
E40000006,South West,nhsRegion,2020-07-27,6055,26
E40000006,South West,nhsRegion,2020-07-26,6049,22
E40000006,South West,nhsRegion,2020-07-25,6046,20
E40000006,South West,nhsRegion,2020-07-24,6041,21
E40000006,South West,nhsRegion,2020-07-23,6041,23
E40000006,South West,nhsRegion,2020-07-22,6039,24
E40000006,South West,nhsRegion,2020-07-21,6036,29
E40000006,South West,nhsRegion,2020-07-20,6035,30
E40000006,South West,nhsRegion,2020-07-19,6033,29
E40000006,South West,nhsRegion,2020-07-18,6031,34
E40000006,South West,nhsRegion,2020-07-17,6029,26
E40000006,South West,nhsRegion,2020-07-16,6022,27
E40000006,South West,nhsRegion,2020-07-15,6019,28
E40000006,South West,nhsRegion,2020-07-14,6014,29
E40000006,South West,nhsRegion,2020-07-13,6009,33
E40000006,South West,nhsRegion,2020-07-12,6003,32
E40000006,South West,nhsRegion,2020-07-11,6001,32
E40000006,South West,nhsRegion,2020-07-10,5995,36
E40000006,South West,nhsRegion,2020-07-09,5989,44
E40000006,South West,nhsRegion,2020-07-08,5984,40
E40000006,South West,nhsRegion,2020-07-07,5983,50
E40000006,South West,nhsRegion,2020-07-06,5980,59
E40000006,South West,nhsRegion,2020-07-05,5978,62
E40000006,South West,nhsRegion,2020-07-04,5973,57
E40000006,South West,nhsRegion,2020-07-03,5967,54
E40000006,South West,nhsRegion,2020-07-02,5962,56
E40000006,South West,nhsRegion,2020-07-01,5960,62
E40000006,South West,nhsRegion,2020-06-30,5956,71
E40000006,South West,nhsRegion,2020-06-29,5945,73
E40000006,South West,nhsRegion,2020-06-28,5938,69
E40000006,South West,nhsRegion,2020-06-27,5930,65
E40000006,South West,nhsRegion,2020-06-26,5918,74
E40000006,South West,nhsRegion,2020-06-25,5911,77
E40000006,South West,nhsRegion,2020-06-24,5899,74
E40000006,South West,nhsRegion,2020-06-23,5891,86
E40000006,South West,nhsRegion,2020-06-22,5882,84
E40000006,South West,nhsRegion,2020-06-21,5881,89
E40000006,South West,nhsRegion,2020-06-20,5878,93
E40000006,South West,nhsRegion,2020-06-19,5873,97
E40000006,South West,nhsRegion,2020-06-18,5864,106
E40000006,South West,nhsRegion,2020-06-17,5851,112
E40000006,South West,nhsRegion,2020-06-16,5841,124
E40000006,South West,nhsRegion,2020-06-15,5830,130
E40000006,South West,nhsRegion,2020-06-14,5821,129
E40000006,South West,nhsRegion,2020-06-13,5816,134
E40000006,South West,nhsRegion,2020-06-12,5804,144
E40000006,South West,nhsRegion,2020-06-11,5800,142
E40000006,South West,nhsRegion,2020-06-10,5793,169
E40000006,South West,nhsRegion,2020-06-09,5770,181
E40000006,South West,nhsRegion,2020-06-08,5753,195
E40000006,South West,nhsRegion,2020-06-07,5746,210
E40000006,South West,nhsRegion,2020-06-06,5724,235
E40000006,South West,nhsRegion,2020-06-05,5696,240
E40000006,South West,nhsRegion,2020-06-04,5666,247
E40000006,South West,nhsRegion,2020-06-03,5650,259
E40000006,South West,nhsRegion,2020-06-02,5617,260
E40000006,South West,nhsRegion,2020-06-01,5575,260
E40000006,South West,nhsRegion,2020-05-31,5529,267
E40000006,South West,nhsRegion,2020-05-30,5506,271
E40000006,South West,nhsRegion,2020-05-29,5475,285
E40000006,South West,nhsRegion,2020-05-28,5450,306
E40000006,South West,nhsRegion,2020-05-27,5402,320
E40000006,South West,nhsRegion,2020-05-26,5367,352
E40000006,South West,nhsRegion,2020-05-25,5330,366
E40000006,South West,nhsRegion,2020-05-24,5294,376
E40000006,South West,nhsRegion,2020-05-23,5271,382
E40000006,South West,nhsRegion,2020-05-22,5243,381
E40000006,South West,nhsRegion,2020-05-21,5204,439
E40000006,South West,nhsRegion,2020-05-20,5151,438
E40000006,South West,nhsRegion,2020-05-19,5096,451
E40000006,South West,nhsRegion,2020-05-18,5044,463
E40000006,South West,nhsRegion,2020-05-17,4996,454
E40000006,South West,nhsRegion,2020-05-16,4969,443
E40000006,South West,nhsRegion,2020-05-15,4916,473
E40000006,South West,nhsRegion,2020-05-14,4866,477
E40000006,South West,nhsRegion,2020-05-13,4829,486
E40000006,South West,nhsRegion,2020-05-12,4777,501
E40000006,South West,nhsRegion,2020-05-11,4739,535
E40000006,South West,nhsRegion,2020-05-10,4681,520
E40000006,South West,nhsRegion,2020-05-09,4640,535
E40000006,South West,nhsRegion,2020-05-08,4595,528
E40000006,South West,nhsRegion,2020-05-07,4542,579
E40000006,South West,nhsRegion,2020-05-06,4489,614
E40000006,South West,nhsRegion,2020-05-05,4431,670
E40000006,South West,nhsRegion,2020-05-04,4382,683
E40000006,South West,nhsRegion,2020-05-03,4312,681
E40000006,South West,nhsRegion,2020-05-02,4244,658
E40000006,South West,nhsRegion,2020-05-01,4176,678
E40000006,South West,nhsRegion,2020-04-30,4114,709
E40000006,South West,nhsRegion,2020-04-29,4044,733
E40000006,South West,nhsRegion,2020-04-28,3994,788
E40000006,South West,nhsRegion,2020-04-27,3923,792
E40000006,South West,nhsRegion,2020-04-26,3854,823
E40000006,South West,nhsRegion,2020-04-25,3803,843
E40000006,South West,nhsRegion,2020-04-24,3743,868
E40000006,South West,nhsRegion,2020-04-23,3651,905
E40000006,South West,nhsRegion,2020-04-22,3567,963
E40000006,South West,nhsRegion,2020-04-21,3483,981
E40000006,South West,nhsRegion,2020-04-20,3394,997
E40000006,South West,nhsRegion,2020-04-19,3317,1022
E40000006,South West,nhsRegion,2020-04-18,3241,1024
E40000006,South West,nhsRegion,2020-04-17,3150,1053
E40000006,South West,nhsRegion,2020-04-16,3048,1052
E40000006,South West,nhsRegion,2020-04-15,2930,1080
E40000006,South West,nhsRegion,2020-04-14,2818,1076
E40000006,South West,nhsRegion,2020-04-13,2712,1047
E40000006,South West,nhsRegion,2020-04-12,2599,1037
E40000006,South West,nhsRegion,2020-04-11,2470,988
E40000006,South West,nhsRegion,2020-04-10,2343,986
E40000006,South West,nhsRegion,2020-04-09,2212,951
E40000006,South West,nhsRegion,2020-04-08,2091,925
E40000006,South West,nhsRegion,2020-04-07,1957,921
E40000006,South West,nhsRegion,2020-04-06,1805,913
E40000006,South West,nhsRegion,2020-04-05,1661,839
E40000006,South West,nhsRegion,2020-04-04,1531,788
E40000006,South West,nhsRegion,2020-04-03,1433,709
E40000006,South West,nhsRegion,2020-04-02,1310,652
E40000006,South West,nhsRegion,2020-04-01,1158,610
E40000006,South West,nhsRegion,2020-03-31,1046,534
E40000006,South West,nhsRegion,2020-03-30,924,492
E40000006,South West,nhsRegion,2020-03-29,796,427
E40000006,South West,nhsRegion,2020-03-28,689,361
E40000006,South West,nhsRegion,2020-03-27,559,323
E40000006,South West,nhsRegion,2020-03-26,454,248
E40000006,South West,nhsRegion,2020-03-25,368,210
E40000006,South West,nhsRegion,2020-03-24,274,169
E40000006,South West,nhsRegion,2020-03-23,214,146
E40000006,South West,nhsRegion,2020-03-22,152,140
E40000006,South West,nhsRegion,2020-03-21,115,100
E40000006,South West,nhsRegion,2020-03-20,72,62
E40000006,South West,nhsRegion,2020-03-19,29,
E40000007,East of England,nhsRegion,2022-07-13,,1387
E40000007,East of England,nhsRegion,2022-07-12,,1354
E40000007,East of England,nhsRegion,2022-07-11,78276,1340
E40000007,East of England,nhsRegion,2022-07-10,78082,1343
E40000007,East of England,nhsRegion,2022-07-09,77898,1218
E40000007,East of England,nhsRegion,2022-07-08,77706,1235
E40000007,East of England,nhsRegion,2022-07-07,77545,1199
E40000007,East of England,nhsRegion,2022-07-06,77347,1142
E40000007,East of England,nhsRegion,2022-07-05,77153,1066
E40000007,East of England,nhsRegion,2022-07-04,76970,1074
E40000007,East of England,nhsRegion,2022-07-03,76806,979
E40000007,East of England,nhsRegion,2022-07-02,76617,1000
E40000007,East of England,nhsRegion,2022-07-01,76467,942
E40000007,East of England,nhsRegion,2022-06-30,76336,916
E40000007,East of England,nhsRegion,2022-06-29,76156,852
E40000007,East of England,nhsRegion,2022-06-28,75986,811
E40000007,East of England,nhsRegion,2022-06-27,75832,793
E40000007,East of England,nhsRegion,2022-06-26,75707,738
E40000007,East of England,nhsRegion,2022-06-25,75577,708
E40000007,East of England,nhsRegion,2022-06-24,75485,663
E40000007,East of England,nhsRegion,2022-06-23,75368,625
E40000007,East of England,nhsRegion,2022-06-22,75235,616
E40000007,East of England,nhsRegion,2022-06-21,75139,593
E40000007,East of England,nhsRegion,2022-06-20,75019,559
E40000007,East of England,nhsRegion,2022-06-19,74912,518
E40000007,East of England,nhsRegion,2022-06-18,74807,491
E40000007,East of England,nhsRegion,2022-06-17,74722,479
E40000007,East of England,nhsRegion,2022-06-16,74649,467
E40000007,East of England,nhsRegion,2022-06-15,74568,456
E40000007,East of England,nhsRegion,2022-06-14,74466,428
E40000007,East of England,nhsRegion,2022-06-13,74381,431
E40000007,East of England,nhsRegion,2022-06-12,74319,416
E40000007,East of England,nhsRegion,2022-06-11,74259,413
E40000007,East of England,nhsRegion,2022-06-10,74205,413
E40000007,East of England,nhsRegion,2022-06-09,74145,399
E40000007,East of England,nhsRegion,2022-06-08,74068,408
E40000007,East of England,nhsRegion,2022-06-07,73990,402
E40000007,East of England,nhsRegion,2022-06-06,73944,402
E40000007,East of England,nhsRegion,2022-06-05,73886,384
E40000007,East of England,nhsRegion,2022-06-04,73844,368
E40000007,East of England,nhsRegion,2022-06-03,73791,355
E40000007,East of England,nhsRegion,2022-06-02,73750,371
E40000007,East of England,nhsRegion,2022-06-01,73708,335
E40000007,East of England,nhsRegion,2022-05-31,73664,365
E40000007,East of England,nhsRegion,2022-05-30,73600,376
E40000007,East of England,nhsRegion,2022-05-29,73562,361
E40000007,East of England,nhsRegion,2022-05-28,73528,372
E40000007,East of England,nhsRegion,2022-05-27,73484,408
E40000007,East of England,nhsRegion,2022-05-26,73448,412
E40000007,East of England,nhsRegion,2022-05-25,73412,430
E40000007,East of England,nhsRegion,2022-05-24,73358,443
E40000007,East of England,nhsRegion,2022-05-23,73302,469
E40000007,East of England,nhsRegion,2022-05-22,73249,471
E40000007,East of England,nhsRegion,2022-05-21,73201,475
E40000007,East of England,nhsRegion,2022-05-20,73171,487
E40000007,East of England,nhsRegion,2022-05-19,73138,526
E40000007,East of England,nhsRegion,2022-05-18,73090,539
E40000007,East of England,nhsRegion,2022-05-17,73011,566
E40000007,East of England,nhsRegion,2022-05-16,72961,583
E40000007,East of England,nhsRegion,2022-05-15,72883,624
E40000007,East of England,nhsRegion,2022-05-14,72823,613
E40000007,East of England,nhsRegion,2022-05-13,72764,680
E40000007,East of England,nhsRegion,2022-05-12,72718,724
E40000007,East of England,nhsRegion,2022-05-11,72654,782
E40000007,East of England,nhsRegion,2022-05-10,72583,821
E40000007,East of England,nhsRegion,2022-05-09,72503,850
E40000007,East of England,nhsRegion,2022-05-08,72424,881
E40000007,East of England,nhsRegion,2022-05-07,72351,895
E40000007,East of England,nhsRegion,2022-05-06,72247,921
E40000007,East of England,nhsRegion,2022-05-05,72172,984
E40000007,East of England,nhsRegion,2022-05-04,72084,1003
E40000007,East of England,nhsRegion,2022-05-03,71983,998
E40000007,East of England,nhsRegion,2022-05-02,71865,1019
E40000007,East of England,nhsRegion,2022-05-01,71769,1028
E40000007,East of England,nhsRegion,2022-04-30,71687,1041
E40000007,East of England,nhsRegion,2022-04-29,71601,1072
E40000007,East of England,nhsRegion,2022-04-28,71505,1103
E40000007,East of England,nhsRegion,2022-04-27,71375,1143
E40000007,East of England,nhsRegion,2022-04-26,71258,1216
E40000007,East of England,nhsRegion,2022-04-25,71155,1269
E40000007,East of England,nhsRegion,2022-04-24,71032,1257
E40000007,East of England,nhsRegion,2022-04-23,70888,1285
E40000007,East of England,nhsRegion,2022-04-22,70757,1358
E40000007,East of England,nhsRegion,2022-04-21,70629,1421
E40000007,East of England,nhsRegion,2022-04-20,70480,1511
E40000007,East of England,nhsRegion,2022-04-19,70329,1470
E40000007,East of England,nhsRegion,2022-04-18,70190,1518
E40000007,East of England,nhsRegion,2022-04-17,70026,1558
E40000007,East of England,nhsRegion,2022-04-16,69860,1543
E40000007,East of England,nhsRegion,2022-04-15,69713,1538
E40000007,East of England,nhsRegion,2022-04-14,69565,1582
E40000007,East of England,nhsRegion,2022-04-13,69406,1603
E40000007,East of England,nhsRegion,2022-04-12,69197,1641
E40000007,East of England,nhsRegion,2022-04-11,68999,1739
E40000007,East of England,nhsRegion,2022-04-10,68799,1659
E40000007,East of England,nhsRegion,2022-04-09,68589,1660
E40000007,East of England,nhsRegion,2022-04-08,68413,1704
E40000007,East of England,nhsRegion,2022-04-07,68238,1810
E40000007,East of England,nhsRegion,2022-04-06,68048,1779
E40000007,East of England,nhsRegion,2022-04-05,67844,1805
E40000007,East of England,nhsRegion,2022-04-04,67604,1721
E40000007,East of England,nhsRegion,2022-04-03,67344,1701
E40000007,East of England,nhsRegion,2022-04-02,67105,1697
E40000007,East of England,nhsRegion,2022-04-01,66931,1692
E40000007,East of England,nhsRegion,2022-03-31,66732,1738
E40000007,East of England,nhsRegion,2022-03-30,66534,1702
E40000007,East of England,nhsRegion,2022-03-29,66279,1739
E40000007,East of England,nhsRegion,2022-03-28,66009,1683
E40000007,East of England,nhsRegion,2022-03-27,65798,1634
E40000007,East of England,nhsRegion,2022-03-26,65573,1571
E40000007,East of England,nhsRegion,2022-03-25,65369,1633
E40000007,East of England,nhsRegion,2022-03-24,65149,1585
E40000007,East of England,nhsRegion,2022-03-23,64945,1539
E40000007,East of England,nhsRegion,2022-03-22,64721,1596
E40000007,East of England,nhsRegion,2022-03-21,64473,1484
E40000007,East of England,nhsRegion,2022-03-20,64272,1402
E40000007,East of England,nhsRegion,2022-03-19,64064,1340
E40000007,East of England,nhsRegion,2022-03-18,63841,1336
E40000007,East of England,nhsRegion,2022-03-17,63667,1289
E40000007,East of England,nhsRegion,2022-03-16,63429,1248
E40000007,East of England,nhsRegion,2022-03-15,63241,1240
E40000007,East of England,nhsRegion,2022-03-14,63035,1201
E40000007,East of England,nhsRegion,2022-03-13,62854,1135
E40000007,East of England,nhsRegion,2022-03-12,62642,1120
E40000007,East of England,nhsRegion,2022-03-11,62487,1067
E40000007,East of England,nhsRegion,2022-03-10,62353,1058
E40000007,East of England,nhsRegion,2022-03-09,62198,998
E40000007,East of England,nhsRegion,2022-03-08,61994,1052
E40000007,East of England,nhsRegion,2022-03-07,61840,981
E40000007,East of England,nhsRegion,2022-03-06,61693,943
E40000007,East of England,nhsRegion,2022-03-05,61518,919
E40000007,East of England,nhsRegion,2022-03-04,61397,934
E40000007,East of England,nhsRegion,2022-03-03,61294,925
E40000007,East of England,nhsRegion,2022-03-02,61150,933
E40000007,East of England,nhsRegion,2022-03-01,61022,935
E40000007,East of England,nhsRegion,2022-02-28,60876,912
E40000007,East of England,nhsRegion,2022-02-27,60741,827
E40000007,East of England,nhsRegion,2022-02-26,60616,817
E40000007,East of England,nhsRegion,2022-02-25,60513,885
E40000007,East of England,nhsRegion,2022-02-24,60433,873
E40000007,East of England,nhsRegion,2022-02-23,60316,889
E40000007,East of England,nhsRegion,2022-02-22,60181,912
E40000007,East of England,nhsRegion,2022-02-21,60072,918
E40000007,East of England,nhsRegion,2022-02-20,59940,893
E40000007,East of England,nhsRegion,2022-02-19,59809,887
E40000007,East of England,nhsRegion,2022-02-18,59712,897
E40000007,East of England,nhsRegion,2022-02-17,59618,897
E40000007,East of England,nhsRegion,2022-02-16,59525,944
E40000007,East of England,nhsRegion,2022-02-15,59412,975
E40000007,East of England,nhsRegion,2022-02-14,59297,1016
E40000007,East of England,nhsRegion,2022-02-13,59186,968
E40000007,East of England,nhsRegion,2022-02-12,59080,945
E40000007,East of England,nhsRegion,2022-02-11,58971,993
E40000007,East of England,nhsRegion,2022-02-10,58866,1033
E40000007,East of England,nhsRegion,2022-02-09,58741,1068
E40000007,East of England,nhsRegion,2022-02-08,58635,1089
E40000007,East of England,nhsRegion,2022-02-07,58503,1101
E40000007,East of England,nhsRegion,2022-02-06,58366,1092
E40000007,East of England,nhsRegion,2022-02-05,58248,1116
E40000007,East of England,nhsRegion,2022-02-04,58135,1145
E40000007,East of England,nhsRegion,2022-02-03,58014,1172
E40000007,East of England,nhsRegion,2022-02-02,57889,1179
E40000007,East of England,nhsRegion,2022-02-01,57759,1215
E40000007,East of England,nhsRegion,2022-01-31,57597,1248
E40000007,East of England,nhsRegion,2022-01-30,57475,1184
E40000007,East of England,nhsRegion,2022-01-29,57343,1122
E40000007,East of England,nhsRegion,2022-01-28,57193,1216
E40000007,East of England,nhsRegion,2022-01-27,57059,1239
E40000007,East of England,nhsRegion,2022-01-26,56910,1242
E40000007,East of England,nhsRegion,2022-01-25,56749,1272
E40000007,East of England,nhsRegion,2022-01-24,56582,1296
E40000007,East of England,nhsRegion,2022-01-23,56430,1275
E40000007,East of England,nhsRegion,2022-01-22,56276,1259
E40000007,East of England,nhsRegion,2022-01-21,56149,1286
E40000007,East of England,nhsRegion,2022-01-20,56012,1323
E40000007,East of England,nhsRegion,2022-01-19,55866,1363
E40000007,East of England,nhsRegion,2022-01-18,55695,1347
E40000007,East of England,nhsRegion,2022-01-17,55549,1383
E40000007,East of England,nhsRegion,2022-01-16,55379,1396
E40000007,East of England,nhsRegion,2022-01-15,55233,1361
E40000007,East of England,nhsRegion,2022-01-14,55106,1383
E40000007,East of England,nhsRegion,2022-01-13,54942,1470
E40000007,East of England,nhsRegion,2022-01-12,54822,1452
E40000007,East of England,nhsRegion,2022-01-11,54654,1467
E40000007,East of England,nhsRegion,2022-01-10,54461,1497
E40000007,East of England,nhsRegion,2022-01-09,54256,1440
E40000007,East of England,nhsRegion,2022-01-08,54056,1427
E40000007,East of England,nhsRegion,2022-01-07,53914,1440
E40000007,East of England,nhsRegion,2022-01-06,53769,1409
E40000007,East of England,nhsRegion,2022-01-05,53580,1402
E40000007,East of England,nhsRegion,2022-01-04,53387,1338
E40000007,East of England,nhsRegion,2022-01-03,53191,1250
E40000007,East of England,nhsRegion,2022-01-02,53011,1199
E40000007,East of England,nhsRegion,2022-01-01,52824,969
E40000007,East of England,nhsRegion,2021-12-31,52639,1083
E40000007,East of England,nhsRegion,2021-12-30,52497,1030
E40000007,East of England,nhsRegion,2021-12-29,52304,925
E40000007,East of England,nhsRegion,2021-12-28,52125,878
E40000007,East of England,nhsRegion,2021-12-27,51955,809
E40000007,East of England,nhsRegion,2021-12-26,51802,681
E40000007,East of England,nhsRegion,2021-12-25,51678,645
E40000007,East of England,nhsRegion,2021-12-24,51543,672
E40000007,East of England,nhsRegion,2021-12-23,51447,658
E40000007,East of England,nhsRegion,2021-12-22,51335,630
E40000007,East of England,nhsRegion,2021-12-21,51201,630
E40000007,East of England,nhsRegion,2021-12-20,51090,607
E40000007,East of England,nhsRegion,2021-12-19,51003,586
E40000007,East of England,nhsRegion,2021-12-18,50909,567
E40000007,East of England,nhsRegion,2021-12-17,50833,603
E40000007,East of England,nhsRegion,2021-12-16,50769,622
E40000007,East of England,nhsRegion,2021-12-15,50696,620
E40000007,East of England,nhsRegion,2021-12-14,50628,654
E40000007,East of England,nhsRegion,2021-12-13,50549,641
E40000007,East of England,nhsRegion,2021-12-12,50471,599
E40000007,East of England,nhsRegion,2021-12-11,50391,584
E40000007,East of England,nhsRegion,2021-12-10,50322,576
E40000007,East of England,nhsRegion,2021-12-09,50261,569
E40000007,East of England,nhsRegion,2021-12-08,50176,558
E40000007,East of England,nhsRegion,2021-12-07,50100,553
E40000007,East of England,nhsRegion,2021-12-06,50025,550
E40000007,East of England,nhsRegion,2021-12-05,49940,524
E40000007,East of England,nhsRegion,2021-12-04,49852,516
E40000007,East of England,nhsRegion,2021-12-03,49779,527
E40000007,East of England,nhsRegion,2021-12-02,49700,531
E40000007,East of England,nhsRegion,2021-12-01,49643,558
E40000007,East of England,nhsRegion,2021-11-30,49584,561
E40000007,East of England,nhsRegion,2021-11-29,49517,588
E40000007,East of England,nhsRegion,2021-11-28,49455,569
E40000007,East of England,nhsRegion,2021-11-27,49397,566
E40000007,East of England,nhsRegion,2021-11-26,49318,583
E40000007,East of England,nhsRegion,2021-11-25,49272,579
E40000007,East of England,nhsRegion,2021-11-24,49211,574
E40000007,East of England,nhsRegion,2021-11-23,49113,609
E40000007,East of England,nhsRegion,2021-11-22,49060,643
E40000007,East of England,nhsRegion,2021-11-21,49008,620
E40000007,East of England,nhsRegion,2021-11-20,48945,614
E40000007,East of England,nhsRegion,2021-11-19,48873,637
E40000007,East of England,nhsRegion,2021-11-18,48819,625
E40000007,East of England,nhsRegion,2021-11-17,48758,634
E40000007,East of England,nhsRegion,2021-11-16,48682,686
E40000007,East of England,nhsRegion,2021-11-15,48626,719
E40000007,East of England,nhsRegion,2021-11-14,48553,702
E40000007,East of England,nhsRegion,2021-11-13,48496,693
E40000007,East of England,nhsRegion,2021-11-12,48418,716
E40000007,East of England,nhsRegion,2021-11-11,48354,724
E40000007,East of England,nhsRegion,2021-11-10,48272,774
E40000007,East of England,nhsRegion,2021-11-09,48184,782
E40000007,East of England,nhsRegion,2021-11-08,48105,783
E40000007,East of England,nhsRegion,2021-11-07,48021,747
E40000007,East of England,nhsRegion,2021-11-06,47931,739
E40000007,East of England,nhsRegion,2021-11-05,47862,747
E40000007,East of England,nhsRegion,2021-11-04,47795,764
E40000007,East of England,nhsRegion,2021-11-03,47713,762
E40000007,East of England,nhsRegion,2021-11-02,47630,798
E40000007,East of England,nhsRegion,2021-11-01,47530,804
E40000007,East of England,nhsRegion,2021-10-31,47435,714
E40000007,East of England,nhsRegion,2021-10-30,47347,727
E40000007,East of England,nhsRegion,2021-10-29,47262,723
E40000007,East of England,nhsRegion,2021-10-28,47167,693
E40000007,East of England,nhsRegion,2021-10-27,47050,701
E40000007,East of England,nhsRegion,2021-10-26,46948,685
E40000007,East of England,nhsRegion,2021-10-25,46852,684
E40000007,East of England,nhsRegion,2021-10-24,46777,626
E40000007,East of England,nhsRegion,2021-10-23,46679,570
E40000007,East of England,nhsRegion,2021-10-22,46582,612
E40000007,East of England,nhsRegion,2021-10-21,46513,615
E40000007,East of England,nhsRegion,2021-10-20,46440,584
E40000007,East of England,nhsRegion,2021-10-19,46357,567
E40000007,East of England,nhsRegion,2021-10-18,46266,546
E40000007,East of England,nhsRegion,2021-10-17,46187,476
E40000007,East of England,nhsRegion,2021-10-16,46092,455
E40000007,East of England,nhsRegion,2021-10-15,46008,461
E40000007,East of England,nhsRegion,2021-10-14,45950,446
E40000007,East of England,nhsRegion,2021-10-13,45882,442
E40000007,East of England,nhsRegion,2021-10-12,45824,440
E40000007,East of England,nhsRegion,2021-10-11,45771,408
E40000007,East of England,nhsRegion,2021-10-10,45700,368
E40000007,East of England,nhsRegion,2021-10-09,45628,356
E40000007,East of England,nhsRegion,2021-10-08,45564,358
E40000007,East of England,nhsRegion,2021-10-07,45499,346
E40000007,East of England,nhsRegion,2021-10-06,45454,359
E40000007,East of England,nhsRegion,2021-10-05,45405,367
E40000007,East of England,nhsRegion,2021-10-04,45347,379
E40000007,East of England,nhsRegion,2021-10-03,45298,345
E40000007,East of England,nhsRegion,2021-10-02,45262,350
E40000007,East of England,nhsRegion,2021-10-01,45225,384
E40000007,East of England,nhsRegion,2021-09-30,45188,373
E40000007,East of England,nhsRegion,2021-09-29,45149,366
E40000007,East of England,nhsRegion,2021-09-28,45095,371
E40000007,East of England,nhsRegion,2021-09-27,45061,379
E40000007,East of England,nhsRegion,2021-09-26,45003,371
E40000007,East of England,nhsRegion,2021-09-25,44971,373
E40000007,East of England,nhsRegion,2021-09-24,44933,390
E40000007,East of England,nhsRegion,2021-09-23,44887,414
E40000007,East of England,nhsRegion,2021-09-22,44845,442
E40000007,East of England,nhsRegion,2021-09-21,44804,456
E40000007,East of England,nhsRegion,2021-09-20,44762,482
E40000007,East of England,nhsRegion,2021-09-19,44709,458
E40000007,East of England,nhsRegion,2021-09-18,44660,459
E40000007,East of England,nhsRegion,2021-09-17,44604,473
E40000007,East of England,nhsRegion,2021-09-16,44563,512
E40000007,East of England,nhsRegion,2021-09-15,44502,527
E40000007,East of England,nhsRegion,2021-09-14,44454,545
E40000007,East of England,nhsRegion,2021-09-13,44378,550
E40000007,East of England,nhsRegion,2021-09-12,44325,526
E40000007,East of England,nhsRegion,2021-09-11,44252,539
E40000007,East of England,nhsRegion,2021-09-10,44202,546
E40000007,East of England,nhsRegion,2021-09-09,44148,487
E40000007,East of England,nhsRegion,2021-09-08,44080,544
E40000007,East of England,nhsRegion,2021-09-07,44029,547
E40000007,East of England,nhsRegion,2021-09-06,43963,551
E40000007,East of England,nhsRegion,2021-09-05,43876,516
E40000007,East of England,nhsRegion,2021-09-04,43814,503
E40000007,East of England,nhsRegion,2021-09-03,43746,531
E40000007,East of England,nhsRegion,2021-09-02,43710,532
E40000007,East of England,nhsRegion,2021-09-01,43637,535
E40000007,East of England,nhsRegion,2021-08-31,43557,547
E40000007,East of England,nhsRegion,2021-08-30,43492,521
E40000007,East of England,nhsRegion,2021-08-29,43415,510
E40000007,East of England,nhsRegion,2021-08-28,43346,488
E40000007,East of England,nhsRegion,2021-08-27,43292,491
E40000007,East of England,nhsRegion,2021-08-26,43221,492
E40000007,East of England,nhsRegion,2021-08-25,43133,494
E40000007,East of England,nhsRegion,2021-08-24,43067,502
E40000007,East of England,nhsRegion,2021-08-23,42998,499
E40000007,East of England,nhsRegion,2021-08-22,42928,457
E40000007,East of England,nhsRegion,2021-08-21,42875,464
E40000007,East of England,nhsRegion,2021-08-20,42804,465
E40000007,East of England,nhsRegion,2021-08-19,42739,464
E40000007,East of England,nhsRegion,2021-08-18,42673,455
E40000007,East of England,nhsRegion,2021-08-17,42595,467
E40000007,East of England,nhsRegion,2021-08-16,42526,452
E40000007,East of England,nhsRegion,2021-08-15,42463,418
E40000007,East of England,nhsRegion,2021-08-14,42397,408
E40000007,East of England,nhsRegion,2021-08-13,42348,406
E40000007,East of England,nhsRegion,2021-08-12,42281,402
E40000007,East of England,nhsRegion,2021-08-11,42217,395
E40000007,East of England,nhsRegion,2021-08-10,42154,392
E40000007,East of England,nhsRegion,2021-08-09,42096,384
E40000007,East of England,nhsRegion,2021-08-08,42044,359
E40000007,East of England,nhsRegion,2021-08-07,41980,342
E40000007,East of England,nhsRegion,2021-08-06,41931,354
E40000007,East of England,nhsRegion,2021-08-05,41881,326
E40000007,East of England,nhsRegion,2021-08-04,41819,340
E40000007,East of England,nhsRegion,2021-08-03,41768,362
E40000007,East of England,nhsRegion,2021-08-02,41731,381
E40000007,East of England,nhsRegion,2021-08-01,41680,401
E40000007,East of England,nhsRegion,2021-07-31,41640,416
E40000007,East of England,nhsRegion,2021-07-30,41611,361
E40000007,East of England,nhsRegion,2021-07-29,41568,372
E40000007,East of England,nhsRegion,2021-07-28,41513,369
E40000007,East of England,nhsRegion,2021-07-27,41470,354
E40000007,East of England,nhsRegion,2021-07-26,41420,377
E40000007,East of England,nhsRegion,2021-07-25,41359,340
E40000007,East of England,nhsRegion,2021-07-24,41291,284
E40000007,East of England,nhsRegion,2021-07-23,41222,302
E40000007,East of England,nhsRegion,2021-07-22,41174,299
E40000007,East of England,nhsRegion,2021-07-21,41127,277
E40000007,East of England,nhsRegion,2021-07-20,41094,254
E40000007,East of England,nhsRegion,2021-07-19,41038,242
E40000007,East of England,nhsRegion,2021-07-18,40991,206
E40000007,East of England,nhsRegion,2021-07-17,40934,184
E40000007,East of England,nhsRegion,2021-07-16,40890,181
E40000007,East of England,nhsRegion,2021-07-15,40859,164
E40000007,East of England,nhsRegion,2021-07-14,40821,154
E40000007,East of England,nhsRegion,2021-07-13,40786,151
E40000007,East of England,nhsRegion,2021-07-12,40755,142
E40000007,East of England,nhsRegion,2021-07-11,40719,117
E40000007,East of England,nhsRegion,2021-07-10,40695,113
E40000007,East of England,nhsRegion,2021-07-09,40670,108
E40000007,East of England,nhsRegion,2021-07-08,40642,102
E40000007,East of England,nhsRegion,2021-07-07,40610,105
E40000007,East of England,nhsRegion,2021-07-06,40588,98
E40000007,East of England,nhsRegion,2021-07-05,40569,101
E40000007,East of England,nhsRegion,2021-07-04,40548,86
E40000007,East of England,nhsRegion,2021-07-03,40530,86
E40000007,East of England,nhsRegion,2021-07-02,40518,82
E40000007,East of England,nhsRegion,2021-07-01,40501,79
E40000007,East of England,nhsRegion,2021-06-30,40479,83
E40000007,East of England,nhsRegion,2021-06-29,40466,86
E40000007,East of England,nhsRegion,2021-06-28,40459,82
E40000007,East of England,nhsRegion,2021-06-27,40447,77
E40000007,East of England,nhsRegion,2021-06-26,40438,75
E40000007,East of England,nhsRegion,2021-06-25,40426,69
E40000007,East of England,nhsRegion,2021-06-24,40412,65
E40000007,East of England,nhsRegion,2021-06-23,40403,66
E40000007,East of England,nhsRegion,2021-06-22,40392,67
E40000007,East of England,nhsRegion,2021-06-21,40379,67
E40000007,East of England,nhsRegion,2021-06-20,40368,53
E40000007,East of England,nhsRegion,2021-06-19,40356,58
E40000007,East of England,nhsRegion,2021-06-18,40346,60
E40000007,East of England,nhsRegion,2021-06-17,40339,57
E40000007,East of England,nhsRegion,2021-06-16,40324,52
E40000007,East of England,nhsRegion,2021-06-15,40312,47
E40000007,East of England,nhsRegion,2021-06-14,40293,51
E40000007,East of England,nhsRegion,2021-06-13,40285,52
E40000007,East of England,nhsRegion,2021-06-12,40276,55
E40000007,East of England,nhsRegion,2021-06-11,40267,49
E40000007,East of England,nhsRegion,2021-06-10,40256,55
E40000007,East of England,nhsRegion,2021-06-09,40247,57
E40000007,East of England,nhsRegion,2021-06-08,40237,68
E40000007,East of England,nhsRegion,2021-06-07,40231,62
E40000007,East of England,nhsRegion,2021-06-06,40222,63
E40000007,East of England,nhsRegion,2021-06-05,40212,57
E40000007,East of England,nhsRegion,2021-06-04,40209,53
E40000007,East of England,nhsRegion,2021-06-03,40197,49
E40000007,East of England,nhsRegion,2021-06-02,40189,49
E40000007,East of England,nhsRegion,2021-06-01,40182,49
E40000007,East of England,nhsRegion,2021-05-31,40175,51
E40000007,East of England,nhsRegion,2021-05-30,40164,51
E40000007,East of England,nhsRegion,2021-05-29,40159,48
E40000007,East of England,nhsRegion,2021-05-28,40151,37
E40000007,East of England,nhsRegion,2021-05-27,40139,32
E40000007,East of England,nhsRegion,2021-05-26,40129,38
E40000007,East of England,nhsRegion,2021-05-25,40124,39
E40000007,East of England,nhsRegion,2021-05-24,40115,43
E40000007,East of England,nhsRegion,2021-05-23,40108,40
E40000007,East of England,nhsRegion,2021-05-22,40106,39
E40000007,East of England,nhsRegion,2021-05-21,40102,40
E40000007,East of England,nhsRegion,2021-05-20,40098,44
E40000007,East of England,nhsRegion,2021-05-19,40094,43
E40000007,East of England,nhsRegion,2021-05-18,40084,47
E40000007,East of England,nhsRegion,2021-05-17,40079,56
E40000007,East of England,nhsRegion,2021-05-16,40075,59
E40000007,East of England,nhsRegion,2021-05-15,40073,59
E40000007,East of England,nhsRegion,2021-05-14,40063,60
E40000007,East of England,nhsRegion,2021-05-13,40055,63
E40000007,East of England,nhsRegion,2021-05-12,40050,66
E40000007,East of England,nhsRegion,2021-05-11,40038,67
E40000007,East of England,nhsRegion,2021-05-10,40028,72
E40000007,East of England,nhsRegion,2021-05-09,40022,69
E40000007,East of England,nhsRegion,2021-05-08,40013,71
E40000007,East of England,nhsRegion,2021-05-07,40004,70
E40000007,East of England,nhsRegion,2021-05-06,39998,83
E40000007,East of England,nhsRegion,2021-05-05,39990,90
E40000007,East of England,nhsRegion,2021-05-04,39982,92
E40000007,East of England,nhsRegion,2021-05-03,39971,89
E40000007,East of England,nhsRegion,2021-05-02,39964,97
E40000007,East of England,nhsRegion,2021-05-01,39954,101
E40000007,East of England,nhsRegion,2021-04-30,39947,121
E40000007,East of England,nhsRegion,2021-04-29,39937,127
E40000007,East of England,nhsRegion,2021-04-28,39930,128
E40000007,East of England,nhsRegion,2021-04-27,39921,140
E40000007,East of England,nhsRegion,2021-04-26,39903,143
E40000007,East of England,nhsRegion,2021-04-25,39889,141
E40000007,East of England,nhsRegion,2021-04-24,39872,138
E40000007,East of England,nhsRegion,2021-04-23,39854,162
E40000007,East of England,nhsRegion,2021-04-22,39840,170
E40000007,East of England,nhsRegion,2021-04-21,39833,178
E40000007,East of England,nhsRegion,2021-04-20,39809,181
E40000007,East of England,nhsRegion,2021-04-19,39799,176
E40000007,East of England,nhsRegion,2021-04-18,39784,167
E40000007,East of England,nhsRegion,2021-04-17,39769,171
E40000007,East of England,nhsRegion,2021-04-16,39745,182
E40000007,East of England,nhsRegion,2021-04-15,39722,168
E40000007,East of England,nhsRegion,2021-04-14,39702,181
E40000007,East of England,nhsRegion,2021-04-13,39687,183
E40000007,East of England,nhsRegion,2021-04-12,39660,189
E40000007,East of England,nhsRegion,2021-04-11,39640,178
E40000007,East of England,nhsRegion,2021-04-10,39622,182
E40000007,East of England,nhsRegion,2021-04-09,39612,194
E40000007,East of England,nhsRegion,2021-04-08,39590,189
E40000007,East of England,nhsRegion,2021-04-07,39569,200
E40000007,East of England,nhsRegion,2021-04-06,39552,198
E40000007,East of England,nhsRegion,2021-04-05,39529,200
E40000007,East of England,nhsRegion,2021-04-04,39508,203
E40000007,East of England,nhsRegion,2021-04-03,39497,190
E40000007,East of England,nhsRegion,2021-04-02,39481,196
E40000007,East of England,nhsRegion,2021-04-01,39462,212
E40000007,East of England,nhsRegion,2021-03-31,39448,237
E40000007,East of England,nhsRegion,2021-03-30,39433,260
E40000007,East of England,nhsRegion,2021-03-29,39423,279
E40000007,East of England,nhsRegion,2021-03-28,39403,279
E40000007,East of England,nhsRegion,2021-03-27,39382,290
E40000007,East of England,nhsRegion,2021-03-26,39365,306
E40000007,East of England,nhsRegion,2021-03-25,39345,345
E40000007,East of England,nhsRegion,2021-03-24,39318,362
E40000007,East of England,nhsRegion,2021-03-23,39294,382
E40000007,East of England,nhsRegion,2021-03-22,39267,414
E40000007,East of England,nhsRegion,2021-03-21,39237,408
E40000007,East of England,nhsRegion,2021-03-20,39213,421
E40000007,East of England,nhsRegion,2021-03-19,39182,449
E40000007,East of England,nhsRegion,2021-03-18,39162,466
E40000007,East of England,nhsRegion,2021-03-17,39129,497
E40000007,East of England,nhsRegion,2021-03-16,39087,532
E40000007,East of England,nhsRegion,2021-03-15,39053,566
E40000007,East of England,nhsRegion,2021-03-14,39010,562
E40000007,East of England,nhsRegion,2021-03-13,38970,575
E40000007,East of England,nhsRegion,2021-03-12,38942,588
E40000007,East of England,nhsRegion,2021-03-11,38895,607
E40000007,East of England,nhsRegion,2021-03-10,38838,669
E40000007,East of England,nhsRegion,2021-03-09,38800,709
E40000007,East of England,nhsRegion,2021-03-08,38754,781
E40000007,East of England,nhsRegion,2021-03-07,38702,756
E40000007,East of England,nhsRegion,2021-03-06,38658,786
E40000007,East of England,nhsRegion,2021-03-05,38591,864
E40000007,East of England,nhsRegion,2021-03-04,38547,927
E40000007,East of England,nhsRegion,2021-03-03,38490,964
E40000007,East of England,nhsRegion,2021-03-02,38443,1032
E40000007,East of England,nhsRegion,2021-03-01,38343,1100
E40000007,East of England,nhsRegion,2021-02-28,38266,1113
E40000007,East of England,nhsRegion,2021-02-27,38198,1163
E40000007,East of England,nhsRegion,2021-02-26,38140,1239
E40000007,East of England,nhsRegion,2021-02-25,38059,1344
E40000007,East of England,nhsRegion,2021-02-24,37991,1418
E40000007,East of England,nhsRegion,2021-02-23,37887,1474
E40000007,East of England,nhsRegion,2021-02-22,37790,1521
E40000007,East of England,nhsRegion,2021-02-21,37688,1504
E40000007,East of England,nhsRegion,2021-02-20,37556,1530
E40000007,East of England,nhsRegion,2021-02-19,37458,1536
E40000007,East of England,nhsRegion,2021-02-18,37361,1679
E40000007,East of England,nhsRegion,2021-02-17,37216,1780
E40000007,East of England,nhsRegion,2021-02-16,37085,1886
E40000007,East of England,nhsRegion,2021-02-15,36956,1959
E40000007,East of England,nhsRegion,2021-02-14,36813,1958
E40000007,East of England,nhsRegion,2021-02-13,36665,2014
E40000007,East of England,nhsRegion,2021-02-12,36523,2140
E40000007,East of England,nhsRegion,2021-02-11,36381,2262
E40000007,East of England,nhsRegion,2021-02-10,36208,2437
E40000007,East of England,nhsRegion,2021-02-09,36029,2591
E40000007,East of England,nhsRegion,2021-02-08,35861,2714
E40000007,East of England,nhsRegion,2021-02-07,35675,2753
E40000007,East of England,nhsRegion,2021-02-06,35458,2711
E40000007,East of England,nhsRegion,2021-02-05,35245,2909
E40000007,East of England,nhsRegion,2021-02-04,35033,3052
E40000007,East of England,nhsRegion,2021-02-03,34804,3101
E40000007,East of England,nhsRegion,2021-02-02,34562,3060
E40000007,East of England,nhsRegion,2021-02-01,34304,3385
E40000007,East of England,nhsRegion,2021-01-31,34057,3393
E40000007,East of England,nhsRegion,2021-01-30,33789,3297
E40000007,East of England,nhsRegion,2021-01-29,33519,3542
E40000007,East of England,nhsRegion,2021-01-28,33229,3689
E40000007,East of England,nhsRegion,2021-01-27,32885,3811
E40000007,East of England,nhsRegion,2021-01-26,32550,3924
E40000007,East of England,nhsRegion,2021-01-25,32212,4044
E40000007,East of England,nhsRegion,2021-01-24,31866,4009
E40000007,East of England,nhsRegion,2021-01-23,31538,3921
E40000007,East of England,nhsRegion,2021-01-22,31179,4055
E40000007,East of England,nhsRegion,2021-01-21,30772,4078
E40000007,East of England,nhsRegion,2021-01-20,30380,4068
E40000007,East of England,nhsRegion,2021-01-19,29934,3996
E40000007,East of England,nhsRegion,2021-01-18,29530,4244
E40000007,East of England,nhsRegion,2021-01-17,29069,4177
E40000007,East of England,nhsRegion,2021-01-16,28667,4121
E40000007,East of England,nhsRegion,2021-01-15,28249,4266
E40000007,East of England,nhsRegion,2021-01-14,27889,4303
E40000007,East of England,nhsRegion,2021-01-13,27447,4306
E40000007,East of England,nhsRegion,2021-01-12,26991,4260
E40000007,East of England,nhsRegion,2021-01-11,26473,4219
E40000007,East of England,nhsRegion,2021-01-10,26011,4112
E40000007,East of England,nhsRegion,2021-01-09,25538,4012
E40000007,East of England,nhsRegion,2021-01-08,25076,4013
E40000007,East of England,nhsRegion,2021-01-07,24651,3887
E40000007,East of England,nhsRegion,2021-01-06,24127,3802
E40000007,East of England,nhsRegion,2021-01-05,23604,3520
E40000007,East of England,nhsRegion,2021-01-04,23104,3623
E40000007,East of England,nhsRegion,2021-01-03,22625,3395
E40000007,East of England,nhsRegion,2021-01-02,22187,3236
E40000007,East of England,nhsRegion,2021-01-01,21734,2910
E40000007,East of England,nhsRegion,2020-12-31,21348,2788
E40000007,East of England,nhsRegion,2020-12-30,21008,3111
E40000007,East of England,nhsRegion,2020-12-29,20676,2922
E40000007,East of England,nhsRegion,2020-12-28,20303,2524
E40000007,East of England,nhsRegion,2020-12-27,19910,2375
E40000007,East of England,nhsRegion,2020-12-26,19528,2269
E40000007,East of England,nhsRegion,2020-12-25,19274,2162
E40000007,East of England,nhsRegion,2020-12-24,19032,2186
E40000007,East of England,nhsRegion,2020-12-23,18789,2085
E40000007,East of England,nhsRegion,2020-12-22,18525,2205
E40000007,East of England,nhsRegion,2020-12-21,18217,2163
E40000007,East of England,nhsRegion,2020-12-20,17958,1954
E40000007,East of England,nhsRegion,2020-12-19,17689,1943
E40000007,East of England,nhsRegion,2020-12-18,17456,1802
E40000007,East of England,nhsRegion,2020-12-17,17264,1770
E40000007,East of England,nhsRegion,2020-12-16,17019,1734
E40000007,East of England,nhsRegion,2020-12-15,16784,1502
E40000007,East of England,nhsRegion,2020-12-14,16586,1506
E40000007,East of England,nhsRegion,2020-12-13,16312,1432
E40000007,East of England,nhsRegion,2020-12-12,16153,1407
E40000007,East of England,nhsRegion,2020-12-11,15970,1327
E40000007,East of England,nhsRegion,2020-12-10,15836,1301
E40000007,East of England,nhsRegion,2020-12-09,15700,1194
E40000007,East of England,nhsRegion,2020-12-08,15537,1155
E40000007,East of England,nhsRegion,2020-12-07,15326,1149
E40000007,East of England,nhsRegion,2020-12-06,15159,1108
E40000007,East of England,nhsRegion,2020-12-05,15045,1064
E40000007,East of England,nhsRegion,2020-12-04,14930,1072
E40000007,East of England,nhsRegion,2020-12-03,14824,1035
E40000007,East of England,nhsRegion,2020-12-02,14700,1014
E40000007,East of England,nhsRegion,2020-12-01,14591,997
E40000007,East of England,nhsRegion,2020-11-30,14469,991
E40000007,East of England,nhsRegion,2020-11-29,14339,948
E40000007,East of England,nhsRegion,2020-11-28,14252,961
E40000007,East of England,nhsRegion,2020-11-27,14165,969
E40000007,East of England,nhsRegion,2020-11-26,14101,969
E40000007,East of England,nhsRegion,2020-11-25,14016,957
E40000007,East of England,nhsRegion,2020-11-24,13917,977
E40000007,East of England,nhsRegion,2020-11-23,13814,956
E40000007,East of England,nhsRegion,2020-11-22,13718,902
E40000007,East of England,nhsRegion,2020-11-21,13587,904
E40000007,East of England,nhsRegion,2020-11-20,13514,895
E40000007,East of England,nhsRegion,2020-11-19,13409,889
E40000007,East of England,nhsRegion,2020-11-18,13316,881
E40000007,East of England,nhsRegion,2020-11-17,13207,891
E40000007,East of England,nhsRegion,2020-11-16,13107,856
E40000007,East of England,nhsRegion,2020-11-15,13025,820
E40000007,East of England,nhsRegion,2020-11-14,12916,783
E40000007,East of England,nhsRegion,2020-11-13,12829,767
E40000007,East of England,nhsRegion,2020-11-12,12746,718
E40000007,East of England,nhsRegion,2020-11-11,12619,709
E40000007,East of England,nhsRegion,2020-11-10,12517,672
E40000007,East of England,nhsRegion,2020-11-09,12414,650
E40000007,East of England,nhsRegion,2020-11-08,12311,636
E40000007,East of England,nhsRegion,2020-11-07,12241,608
E40000007,East of England,nhsRegion,2020-11-06,12183,620
E40000007,East of England,nhsRegion,2020-11-05,12122,611
E40000007,East of England,nhsRegion,2020-11-04,12055,595
E40000007,East of England,nhsRegion,2020-11-03,11968,598
E40000007,East of England,nhsRegion,2020-11-02,11892,555
E40000007,East of England,nhsRegion,2020-11-01,11837,527
E40000007,East of England,nhsRegion,2020-10-31,11770,505
E40000007,East of England,nhsRegion,2020-10-30,11714,501
E40000007,East of England,nhsRegion,2020-10-29,11647,476
E40000007,East of England,nhsRegion,2020-10-28,11579,474
E40000007,East of England,nhsRegion,2020-10-27,11511,454
E40000007,East of England,nhsRegion,2020-10-26,11460,419
E40000007,East of England,nhsRegion,2020-10-25,11405,406
E40000007,East of England,nhsRegion,2020-10-24,11343,356
E40000007,East of England,nhsRegion,2020-10-23,11301,343
E40000007,East of England,nhsRegion,2020-10-22,11245,334
E40000007,East of England,nhsRegion,2020-10-21,11194,314
E40000007,East of England,nhsRegion,2020-10-20,11144,295
E40000007,East of England,nhsRegion,2020-10-19,11111,277
E40000007,East of England,nhsRegion,2020-10-18,11068,241
E40000007,East of England,nhsRegion,2020-10-17,11027,241
E40000007,East of England,nhsRegion,2020-10-16,10990,223
E40000007,East of England,nhsRegion,2020-10-15,10967,217
E40000007,East of England,nhsRegion,2020-10-14,10926,183
E40000007,East of England,nhsRegion,2020-10-13,10899,166
E40000007,East of England,nhsRegion,2020-10-12,10867,149
E40000007,East of England,nhsRegion,2020-10-11,10843,140
E40000007,East of England,nhsRegion,2020-10-10,10816,135
E40000007,East of England,nhsRegion,2020-10-09,10800,135
E40000007,East of England,nhsRegion,2020-10-08,10781,119
E40000007,East of England,nhsRegion,2020-10-07,10758,128
E40000007,East of England,nhsRegion,2020-10-06,10741,119
E40000007,East of England,nhsRegion,2020-10-05,10730,115
E40000007,East of England,nhsRegion,2020-10-04,10707,98
E40000007,East of England,nhsRegion,2020-10-03,10691,101
E40000007,East of England,nhsRegion,2020-10-02,10672,93
E40000007,East of England,nhsRegion,2020-10-01,10653,79
E40000007,East of England,nhsRegion,2020-09-30,10642,86
E40000007,East of England,nhsRegion,2020-09-29,10624,89
E40000007,East of England,nhsRegion,2020-09-28,10614,76
E40000007,East of England,nhsRegion,2020-09-27,10601,64
E40000007,East of England,nhsRegion,2020-09-26,10586,52
E40000007,East of England,nhsRegion,2020-09-25,10574,45
E40000007,East of England,nhsRegion,2020-09-24,10558,41
E40000007,East of England,nhsRegion,2020-09-23,10545,37
E40000007,East of England,nhsRegion,2020-09-22,10538,42
E40000007,East of England,nhsRegion,2020-09-21,10527,41
E40000007,East of England,nhsRegion,2020-09-20,10520,38
E40000007,East of England,nhsRegion,2020-09-19,10514,39
E40000007,East of England,nhsRegion,2020-09-18,10510,37
E40000007,East of England,nhsRegion,2020-09-17,10506,42
E40000007,East of England,nhsRegion,2020-09-16,10500,40
E40000007,East of England,nhsRegion,2020-09-15,10492,35
E40000007,East of England,nhsRegion,2020-09-14,10479,25
E40000007,East of England,nhsRegion,2020-09-13,10468,21
E40000007,East of England,nhsRegion,2020-09-12,10464,20
E40000007,East of England,nhsRegion,2020-09-11,10453,15
E40000007,East of England,nhsRegion,2020-09-10,10447,27
E40000007,East of England,nhsRegion,2020-09-09,10442,31
E40000007,East of England,nhsRegion,2020-09-08,10437,25
E40000007,East of England,nhsRegion,2020-09-07,10435,27
E40000007,East of England,nhsRegion,2020-09-06,10430,27
E40000007,East of England,nhsRegion,2020-09-05,10429,25
E40000007,East of England,nhsRegion,2020-09-04,10423,30
E40000007,East of England,nhsRegion,2020-09-03,10421,31
E40000007,East of England,nhsRegion,2020-09-02,10416,31
E40000007,East of England,nhsRegion,2020-09-01,10408,31
E40000007,East of England,nhsRegion,2020-08-31,10406,31
E40000007,East of England,nhsRegion,2020-08-30,10406,30
E40000007,East of England,nhsRegion,2020-08-29,10405,30
E40000007,East of England,nhsRegion,2020-08-28,10400,30
E40000007,East of England,nhsRegion,2020-08-27,10397,29
E40000007,East of England,nhsRegion,2020-08-26,10394,37
E40000007,East of England,nhsRegion,2020-08-25,10390,28
E40000007,East of England,nhsRegion,2020-08-24,10382,35
E40000007,East of England,nhsRegion,2020-08-23,10382,31
E40000007,East of England,nhsRegion,2020-08-22,10380,34
E40000007,East of England,nhsRegion,2020-08-21,10378,40
E40000007,East of England,nhsRegion,2020-08-20,10375,47
E40000007,East of England,nhsRegion,2020-08-19,10373,49
E40000007,East of England,nhsRegion,2020-08-18,10369,47
E40000007,East of England,nhsRegion,2020-08-17,10365,57
E40000007,East of England,nhsRegion,2020-08-16,10360,54
E40000007,East of England,nhsRegion,2020-08-15,10356,60
E40000007,East of England,nhsRegion,2020-08-14,10354,52
E40000007,East of England,nhsRegion,2020-08-13,10346,57
E40000007,East of England,nhsRegion,2020-08-12,10340,56
E40000007,East of England,nhsRegion,2020-08-11,10339,61
E40000007,East of England,nhsRegion,2020-08-10,10332,63
E40000007,East of England,nhsRegion,2020-08-09,10324,59
E40000007,East of England,nhsRegion,2020-08-08,10321,59
E40000007,East of England,nhsRegion,2020-08-07,10315,60
E40000007,East of England,nhsRegion,2020-08-06,10305,72
E40000007,East of England,nhsRegion,2020-08-05,10301,70
E40000007,East of England,nhsRegion,2020-08-04,10296,69
E40000007,East of England,nhsRegion,2020-08-03,10291,73
E40000007,East of England,nhsRegion,2020-08-02,10284,80
E40000007,East of England,nhsRegion,2020-08-01,10277,85
E40000007,East of England,nhsRegion,2020-07-31,10275,77
E40000007,East of England,nhsRegion,2020-07-30,10270,82
E40000007,East of England,nhsRegion,2020-07-29,10262,92
E40000007,East of England,nhsRegion,2020-07-28,10254,94
E40000007,East of England,nhsRegion,2020-07-27,10245,100
E40000007,East of England,nhsRegion,2020-07-26,10227,105
E40000007,East of England,nhsRegion,2020-07-25,10220,91
E40000007,East of England,nhsRegion,2020-07-24,10204,105
E40000007,East of England,nhsRegion,2020-07-23,10192,100
E40000007,East of England,nhsRegion,2020-07-22,10168,116
E40000007,East of England,nhsRegion,2020-07-21,10155,113
E40000007,East of England,nhsRegion,2020-07-20,10148,143
E40000007,East of England,nhsRegion,2020-07-19,10140,143
E40000007,East of England,nhsRegion,2020-07-18,10134,144
E40000007,East of England,nhsRegion,2020-07-17,10126,142
E40000007,East of England,nhsRegion,2020-07-16,10116,126
E40000007,East of England,nhsRegion,2020-07-15,10099,169
E40000007,East of England,nhsRegion,2020-07-14,10080,162
E40000007,East of England,nhsRegion,2020-07-13,10063,176
E40000007,East of England,nhsRegion,2020-07-12,10044,171
E40000007,East of England,nhsRegion,2020-07-11,10033,171
E40000007,East of England,nhsRegion,2020-07-10,10021,199
E40000007,East of England,nhsRegion,2020-07-09,10012,212
E40000007,East of England,nhsRegion,2020-07-08,10004,222
E40000007,East of England,nhsRegion,2020-07-07,9988,224
E40000007,East of England,nhsRegion,2020-07-06,9970,227
E40000007,East of England,nhsRegion,2020-07-05,9948,224
E40000007,East of England,nhsRegion,2020-07-04,9924,220
E40000007,East of England,nhsRegion,2020-07-03,9907,242
E40000007,East of England,nhsRegion,2020-07-02,9898,231
E40000007,East of England,nhsRegion,2020-07-01,9876,248
E40000007,East of England,nhsRegion,2020-06-30,9856,264
E40000007,East of England,nhsRegion,2020-06-29,9836,291
E40000007,East of England,nhsRegion,2020-06-28,9815,288
E40000007,East of England,nhsRegion,2020-06-27,9806,289
E40000007,East of England,nhsRegion,2020-06-26,9791,313
E40000007,East of England,nhsRegion,2020-06-25,9759,327
E40000007,East of England,nhsRegion,2020-06-24,9717,346
E40000007,East of England,nhsRegion,2020-06-23,9697,335
E40000007,East of England,nhsRegion,2020-06-22,9676,369
E40000007,East of England,nhsRegion,2020-06-21,9633,348
E40000007,East of England,nhsRegion,2020-06-20,9611,352
E40000007,East of England,nhsRegion,2020-06-19,9592,393
E40000007,East of England,nhsRegion,2020-06-18,9564,363
E40000007,East of England,nhsRegion,2020-06-17,9526,387
E40000007,East of England,nhsRegion,2020-06-16,9483,363
E40000007,East of England,nhsRegion,2020-06-15,9450,318
E40000007,East of England,nhsRegion,2020-06-14,9393,348
E40000007,East of England,nhsRegion,2020-06-13,9355,364
E40000007,East of England,nhsRegion,2020-06-12,9323,364
E40000007,East of England,nhsRegion,2020-06-11,9293,376
E40000007,East of England,nhsRegion,2020-06-10,9251,390
E40000007,East of England,nhsRegion,2020-06-09,9212,405
E40000007,East of England,nhsRegion,2020-06-08,9168,457
E40000007,East of England,nhsRegion,2020-06-07,9140,453
E40000007,East of England,nhsRegion,2020-06-06,9108,503
E40000007,East of England,nhsRegion,2020-06-05,9078,490
E40000007,East of England,nhsRegion,2020-06-04,9034,503
E40000007,East of England,nhsRegion,2020-06-03,8976,547
E40000007,East of England,nhsRegion,2020-06-02,8930,574
E40000007,East of England,nhsRegion,2020-06-01,8870,614
E40000007,East of England,nhsRegion,2020-05-31,8812,597
E40000007,East of England,nhsRegion,2020-05-30,8783,622
E40000007,East of England,nhsRegion,2020-05-29,8740,603
E40000007,East of England,nhsRegion,2020-05-28,8686,701
E40000007,East of England,nhsRegion,2020-05-27,8633,737
E40000007,East of England,nhsRegion,2020-05-26,8576,755
E40000007,East of England,nhsRegion,2020-05-25,8491,798
E40000007,East of England,nhsRegion,2020-05-24,8440,795
E40000007,East of England,nhsRegion,2020-05-23,8388,816
E40000007,East of England,nhsRegion,2020-05-22,8349,831
E40000007,East of England,nhsRegion,2020-05-21,8270,866
E40000007,East of England,nhsRegion,2020-05-20,8193,888
E40000007,East of England,nhsRegion,2020-05-19,8100,913
E40000007,East of England,nhsRegion,2020-05-18,8014,924
E40000007,East of England,nhsRegion,2020-05-17,7933,934
E40000007,East of England,nhsRegion,2020-05-16,7848,916
E40000007,East of England,nhsRegion,2020-05-15,7776,952
E40000007,East of England,nhsRegion,2020-05-14,7684,979
E40000007,East of England,nhsRegion,2020-05-13,7596,1014
E40000007,East of England,nhsRegion,2020-05-12,7524,1049
E40000007,East of England,nhsRegion,2020-05-11,7408,1069
E40000007,East of England,nhsRegion,2020-05-10,7320,1076
E40000007,East of England,nhsRegion,2020-05-09,7249,1032
E40000007,East of England,nhsRegion,2020-05-08,7148,1022
E40000007,East of England,nhsRegion,2020-05-07,7078,1084
E40000007,East of England,nhsRegion,2020-05-06,6962,1106
E40000007,East of England,nhsRegion,2020-05-05,6834,1160
E40000007,East of England,nhsRegion,2020-05-04,6744,1138
E40000007,East of England,nhsRegion,2020-05-03,6638,1223
E40000007,East of England,nhsRegion,2020-05-02,6472,1190
E40000007,East of England,nhsRegion,2020-05-01,6361,1211
E40000007,East of England,nhsRegion,2020-04-30,6234,1253
E40000007,East of England,nhsRegion,2020-04-29,6036,1319
E40000007,East of England,nhsRegion,2020-04-28,5879,1389
E40000007,East of England,nhsRegion,2020-04-27,5695,1413
E40000007,East of England,nhsRegion,2020-04-26,5568,1422
E40000007,East of England,nhsRegion,2020-04-25,5420,1384
E40000007,East of England,nhsRegion,2020-04-24,5292,1404
E40000007,East of England,nhsRegion,2020-04-23,5151,1472
E40000007,East of England,nhsRegion,2020-04-22,5023,1511
E40000007,East of England,nhsRegion,2020-04-21,4903,1544
E40000007,East of England,nhsRegion,2020-04-20,4755,1587
E40000007,East of England,nhsRegion,2020-04-19,4629,1579
E40000007,East of England,nhsRegion,2020-04-18,4481,1529
E40000007,East of England,nhsRegion,2020-04-17,4290,1534
E40000007,East of England,nhsRegion,2020-04-16,4136,1577
E40000007,East of England,nhsRegion,2020-04-15,4003,1621
E40000007,East of England,nhsRegion,2020-04-14,3890,1592
E40000007,East of England,nhsRegion,2020-04-13,3703,1471
E40000007,East of England,nhsRegion,2020-04-12,3489,1679
E40000007,East of England,nhsRegion,2020-04-11,3345,1497
E40000007,East of England,nhsRegion,2020-04-10,3180,1500
E40000007,East of England,nhsRegion,2020-04-09,2965,1411
E40000007,East of England,nhsRegion,2020-04-08,2773,1435
E40000007,East of England,nhsRegion,2020-04-07,2554,1431
E40000007,East of England,nhsRegion,2020-04-06,2390,1220
E40000007,East of England,nhsRegion,2020-04-05,2159,1230
E40000007,East of England,nhsRegion,2020-04-04,1939,988
E40000007,East of England,nhsRegion,2020-04-03,1776,914
E40000007,East of England,nhsRegion,2020-04-02,1584,841
E40000007,East of England,nhsRegion,2020-04-01,1400,833
E40000007,East of England,nhsRegion,2020-03-31,1233,793
E40000007,East of England,nhsRegion,2020-03-30,1087,628
E40000007,East of England,nhsRegion,2020-03-29,939,482
E40000007,East of England,nhsRegion,2020-03-28,738,429
E40000007,East of England,nhsRegion,2020-03-27,614,341
E40000007,East of England,nhsRegion,2020-03-26,520,295
E40000007,East of England,nhsRegion,2020-03-25,360,196
E40000007,East of England,nhsRegion,2020-03-24,284,154
E40000007,East of England,nhsRegion,2020-03-23,178,133
E40000007,East of England,nhsRegion,2020-03-22,132,95
E40000007,East of England,nhsRegion,2020-03-21,83,74
E40000007,East of England,nhsRegion,2020-03-20,46,59
E40000007,East of England,nhsRegion,2020-03-19,23,
E40000008,Midlands,nhsRegion,2022-07-13,,2815
E40000008,Midlands,nhsRegion,2022-07-12,,2741
E40000008,Midlands,nhsRegion,2022-07-11,155627,2692
E40000008,Midlands,nhsRegion,2022-07-10,155199,2600
E40000008,Midlands,nhsRegion,2022-07-09,154824,2486
E40000008,Midlands,nhsRegion,2022-07-08,154510,2428
E40000008,Midlands,nhsRegion,2022-07-07,154145,2309
E40000008,Midlands,nhsRegion,2022-07-06,153724,2239
E40000008,Midlands,nhsRegion,2022-07-05,153334,2104
E40000008,Midlands,nhsRegion,2022-07-04,152950,2020
E40000008,Midlands,nhsRegion,2022-07-03,152582,1942
E40000008,Midlands,nhsRegion,2022-07-02,152261,1797
E40000008,Midlands,nhsRegion,2022-07-01,152003,1741
E40000008,Midlands,nhsRegion,2022-06-30,151719,1672
E40000008,Midlands,nhsRegion,2022-06-29,151390,1613
E40000008,Midlands,nhsRegion,2022-06-28,151089,1551
E40000008,Midlands,nhsRegion,2022-06-27,150759,1434
E40000008,Midlands,nhsRegion,2022-06-26,150475,1319
E40000008,Midlands,nhsRegion,2022-06-25,150227,1239
E40000008,Midlands,nhsRegion,2022-06-24,150020,1214
E40000008,Midlands,nhsRegion,2022-06-23,149797,1134
E40000008,Midlands,nhsRegion,2022-06-22,149561,1115
E40000008,Midlands,nhsRegion,2022-06-21,149359,1061
E40000008,Midlands,nhsRegion,2022-06-20,149139,1001
E40000008,Midlands,nhsRegion,2022-06-19,148914,969
E40000008,Midlands,nhsRegion,2022-06-18,148751,916
E40000008,Midlands,nhsRegion,2022-06-17,148594,904
E40000008,Midlands,nhsRegion,2022-06-16,148432,936
E40000008,Midlands,nhsRegion,2022-06-15,148258,899
E40000008,Midlands,nhsRegion,2022-06-14,148107,871
E40000008,Midlands,nhsRegion,2022-06-13,147956,839
E40000008,Midlands,nhsRegion,2022-06-12,147818,841
E40000008,Midlands,nhsRegion,2022-06-11,147724,787
E40000008,Midlands,nhsRegion,2022-06-10,147606,766
E40000008,Midlands,nhsRegion,2022-06-09,147478,744
E40000008,Midlands,nhsRegion,2022-06-08,147355,701
E40000008,Midlands,nhsRegion,2022-06-07,147248,717
E40000008,Midlands,nhsRegion,2022-06-06,147135,743
E40000008,Midlands,nhsRegion,2022-06-05,147037,718
E40000008,Midlands,nhsRegion,2022-06-04,146945,645
E40000008,Midlands,nhsRegion,2022-06-03,146860,706
E40000008,Midlands,nhsRegion,2022-06-02,146783,715
E40000008,Midlands,nhsRegion,2022-06-01,146691,753
E40000008,Midlands,nhsRegion,2022-05-31,146593,763
E40000008,Midlands,nhsRegion,2022-05-30,146500,765
E40000008,Midlands,nhsRegion,2022-05-29,146408,738
E40000008,Midlands,nhsRegion,2022-05-28,146310,758
E40000008,Midlands,nhsRegion,2022-05-27,146227,795
E40000008,Midlands,nhsRegion,2022-05-26,146141,870
E40000008,Midlands,nhsRegion,2022-05-25,146067,904
E40000008,Midlands,nhsRegion,2022-05-24,145975,939
E40000008,Midlands,nhsRegion,2022-05-23,145879,987
E40000008,Midlands,nhsRegion,2022-05-22,145767,976
E40000008,Midlands,nhsRegion,2022-05-21,145684,988
E40000008,Midlands,nhsRegion,2022-05-20,145614,1028
E40000008,Midlands,nhsRegion,2022-05-19,145531,1061
E40000008,Midlands,nhsRegion,2022-05-18,145430,970
E40000008,Midlands,nhsRegion,2022-05-17,145316,1120
E40000008,Midlands,nhsRegion,2022-05-16,145193,1200
E40000008,Midlands,nhsRegion,2022-05-15,145087,1220
E40000008,Midlands,nhsRegion,2022-05-14,144991,1222
E40000008,Midlands,nhsRegion,2022-05-13,144886,1281
E40000008,Midlands,nhsRegion,2022-05-12,144770,1295
E40000008,Midlands,nhsRegion,2022-05-11,144625,1338
E40000008,Midlands,nhsRegion,2022-05-10,144486,1410
E40000008,Midlands,nhsRegion,2022-05-09,144341,1505
E40000008,Midlands,nhsRegion,2022-05-08,144202,1535
E40000008,Midlands,nhsRegion,2022-05-07,144100,1558
E40000008,Midlands,nhsRegion,2022-05-06,143990,1640
E40000008,Midlands,nhsRegion,2022-05-05,143852,1712
E40000008,Midlands,nhsRegion,2022-05-04,143691,1846
E40000008,Midlands,nhsRegion,2022-05-03,143533,1911
E40000008,Midlands,nhsRegion,2022-05-02,143373,1933
E40000008,Midlands,nhsRegion,2022-05-01,143221,1972
E40000008,Midlands,nhsRegion,2022-04-30,143044,1990
E40000008,Midlands,nhsRegion,2022-04-29,142894,2100
E40000008,Midlands,nhsRegion,2022-04-28,142724,2225
E40000008,Midlands,nhsRegion,2022-04-27,142536,2305
E40000008,Midlands,nhsRegion,2022-04-26,142317,2404
E40000008,Midlands,nhsRegion,2022-04-25,142097,2530
E40000008,Midlands,nhsRegion,2022-04-24,141894,2583
E40000008,Midlands,nhsRegion,2022-04-23,141684,2575
E40000008,Midlands,nhsRegion,2022-04-22,141451,2717
E40000008,Midlands,nhsRegion,2022-04-21,141201,2824
E40000008,Midlands,nhsRegion,2022-04-20,140960,2975
E40000008,Midlands,nhsRegion,2022-04-19,140695,3088
E40000008,Midlands,nhsRegion,2022-04-18,140405,3064
E40000008,Midlands,nhsRegion,2022-04-17,140115,3053
E40000008,Midlands,nhsRegion,2022-04-16,139848,3118
E40000008,Midlands,nhsRegion,2022-04-15,139602,3071
E40000008,Midlands,nhsRegion,2022-04-14,139287,3115
E40000008,Midlands,nhsRegion,2022-04-13,138953,3164
E40000008,Midlands,nhsRegion,2022-04-12,138553,3274
E40000008,Midlands,nhsRegion,2022-04-11,138145,3273
E40000008,Midlands,nhsRegion,2022-04-10,137731,3280
E40000008,Midlands,nhsRegion,2022-04-09,137348,3146
E40000008,Midlands,nhsRegion,2022-04-08,136993,3203
E40000008,Midlands,nhsRegion,2022-04-07,136630,3180
E40000008,Midlands,nhsRegion,2022-04-06,136216,3195
E40000008,Midlands,nhsRegion,2022-04-05,135773,3131
E40000008,Midlands,nhsRegion,2022-04-04,135322,3125
E40000008,Midlands,nhsRegion,2022-04-03,134899,2995
E40000008,Midlands,nhsRegion,2022-04-02,134533,2889
E40000008,Midlands,nhsRegion,2022-04-01,134185,2897
E40000008,Midlands,nhsRegion,2022-03-31,133809,2767
E40000008,Midlands,nhsRegion,2022-03-30,133371,2837
E40000008,Midlands,nhsRegion,2022-03-29,132898,2766
E40000008,Midlands,nhsRegion,2022-03-28,132525,2716
E40000008,Midlands,nhsRegion,2022-03-27,132099,2523
E40000008,Midlands,nhsRegion,2022-03-26,131714,2453
E40000008,Midlands,nhsRegion,2022-03-25,131387,2421
E40000008,Midlands,nhsRegion,2022-03-24,131053,2410
E40000008,Midlands,nhsRegion,2022-03-23,130662,2287
E40000008,Midlands,nhsRegion,2022-03-22,130273,2175
E40000008,Midlands,nhsRegion,2022-03-21,129830,2149
E40000008,Midlands,nhsRegion,2022-03-20,129510,2009
E40000008,Midlands,nhsRegion,2022-03-19,129195,1919
E40000008,Midlands,nhsRegion,2022-03-18,128868,1934
E40000008,Midlands,nhsRegion,2022-03-17,128557,1898
E40000008,Midlands,nhsRegion,2022-03-16,128271,1859
E40000008,Midlands,nhsRegion,2022-03-15,127990,1836
E40000008,Midlands,nhsRegion,2022-03-14,127705,1747
E40000008,Midlands,nhsRegion,2022-03-13,127411,1630
E40000008,Midlands,nhsRegion,2022-03-12,127146,1606
E40000008,Midlands,nhsRegion,2022-03-11,126920,1582
E40000008,Midlands,nhsRegion,2022-03-10,126689,1582
E40000008,Midlands,nhsRegion,2022-03-09,126465,1594
E40000008,Midlands,nhsRegion,2022-03-08,126216,1568
E40000008,Midlands,nhsRegion,2022-03-07,126008,1557
E40000008,Midlands,nhsRegion,2022-03-06,125786,1487
E40000008,Midlands,nhsRegion,2022-03-05,125590,1483
E40000008,Midlands,nhsRegion,2022-03-04,125420,1506
E40000008,Midlands,nhsRegion,2022-03-03,125231,1519
E40000008,Midlands,nhsRegion,2022-03-02,125015,1530
E40000008,Midlands,nhsRegion,2022-03-01,124810,1581
E40000008,Midlands,nhsRegion,2022-02-28,124631,1609
E40000008,Midlands,nhsRegion,2022-02-27,124436,1547
E40000008,Midlands,nhsRegion,2022-02-26,124280,1528
E40000008,Midlands,nhsRegion,2022-02-25,124121,1568
E40000008,Midlands,nhsRegion,2022-02-24,123978,1606
E40000008,Midlands,nhsRegion,2022-02-23,123811,1657
E40000008,Midlands,nhsRegion,2022-02-22,123621,1676
E40000008,Midlands,nhsRegion,2022-02-21,123452,1708
E40000008,Midlands,nhsRegion,2022-02-20,123270,1697
E40000008,Midlands,nhsRegion,2022-02-19,123112,1689
E40000008,Midlands,nhsRegion,2022-02-18,122953,1727
E40000008,Midlands,nhsRegion,2022-02-17,122773,1731
E40000008,Midlands,nhsRegion,2022-02-16,122578,1808
E40000008,Midlands,nhsRegion,2022-02-15,122375,1852
E40000008,Midlands,nhsRegion,2022-02-14,122180,1953
E40000008,Midlands,nhsRegion,2022-02-13,121994,1905
E40000008,Midlands,nhsRegion,2022-02-12,121826,1939
E40000008,Midlands,nhsRegion,2022-02-11,121657,2033
E40000008,Midlands,nhsRegion,2022-02-10,121465,2101
E40000008,Midlands,nhsRegion,2022-02-09,121237,2139
E40000008,Midlands,nhsRegion,2022-02-08,121013,2240
E40000008,Midlands,nhsRegion,2022-02-07,120792,2231
E40000008,Midlands,nhsRegion,2022-02-06,120573,2243
E40000008,Midlands,nhsRegion,2022-02-05,120346,2280
E40000008,Midlands,nhsRegion,2022-02-04,120155,2358
E40000008,Midlands,nhsRegion,2022-02-03,119934,2421
E40000008,Midlands,nhsRegion,2022-02-02,119656,2436
E40000008,Midlands,nhsRegion,2022-02-01,119378,2514
E40000008,Midlands,nhsRegion,2022-01-31,119054,2526
E40000008,Midlands,nhsRegion,2022-01-30,118767,2477
E40000008,Midlands,nhsRegion,2022-01-29,118503,2476
E40000008,Midlands,nhsRegion,2022-01-28,118256,2582
E40000008,Midlands,nhsRegion,2022-01-27,117987,2613
E40000008,Midlands,nhsRegion,2022-01-26,117668,2609
E40000008,Midlands,nhsRegion,2022-01-25,117340,2670
E40000008,Midlands,nhsRegion,2022-01-24,116992,2753
E40000008,Midlands,nhsRegion,2022-01-23,116709,2708
E40000008,Midlands,nhsRegion,2022-01-22,116400,2771
E40000008,Midlands,nhsRegion,2022-01-21,116132,2832
E40000008,Midlands,nhsRegion,2022-01-20,115852,2907
E40000008,Midlands,nhsRegion,2022-01-19,115497,3051
E40000008,Midlands,nhsRegion,2022-01-18,115164,3101
E40000008,Midlands,nhsRegion,2022-01-17,114860,3122
E40000008,Midlands,nhsRegion,2022-01-16,114453,3042
E40000008,Midlands,nhsRegion,2022-01-15,114064,3046
E40000008,Midlands,nhsRegion,2022-01-14,113750,3085
E40000008,Midlands,nhsRegion,2022-01-13,113396,3074
E40000008,Midlands,nhsRegion,2022-01-12,112975,3093
E40000008,Midlands,nhsRegion,2022-01-11,112608,3155
E40000008,Midlands,nhsRegion,2022-01-10,112202,3145
E40000008,Midlands,nhsRegion,2022-01-09,111798,3038
E40000008,Midlands,nhsRegion,2022-01-08,111374,2951
E40000008,Midlands,nhsRegion,2022-01-07,111041,2943
E40000008,Midlands,nhsRegion,2022-01-06,110693,2882
E40000008,Midlands,nhsRegion,2022-01-05,110273,2709
E40000008,Midlands,nhsRegion,2022-01-04,109835,2673
E40000008,Midlands,nhsRegion,2022-01-03,109458,2518
E40000008,Midlands,nhsRegion,2022-01-02,109104,2356
E40000008,Midlands,nhsRegion,2022-01-01,108733,2189
E40000008,Midlands,nhsRegion,2021-12-31,108393,2122
E40000008,Midlands,nhsRegion,2021-12-30,108034,1866
E40000008,Midlands,nhsRegion,2021-12-29,107639,1687
E40000008,Midlands,nhsRegion,2021-12-28,107136,1571
E40000008,Midlands,nhsRegion,2021-12-27,106769,1443
E40000008,Midlands,nhsRegion,2021-12-26,106460,1345
E40000008,Midlands,nhsRegion,2021-12-25,106209,1271
E40000008,Midlands,nhsRegion,2021-12-24,105990,1268
E40000008,Midlands,nhsRegion,2021-12-23,105817,1247
E40000008,Midlands,nhsRegion,2021-12-22,105611,1256
E40000008,Midlands,nhsRegion,2021-12-21,105410,1247
E40000008,Midlands,nhsRegion,2021-12-20,105238,1177
E40000008,Midlands,nhsRegion,2021-12-19,105052,1147
E40000008,Midlands,nhsRegion,2021-12-18,104889,1133
E40000008,Midlands,nhsRegion,2021-12-17,104774,1167
E40000008,Midlands,nhsRegion,2021-12-16,104659,1202
E40000008,Midlands,nhsRegion,2021-12-15,104518,1234
E40000008,Midlands,nhsRegion,2021-12-14,104401,1260
E40000008,Midlands,nhsRegion,2021-12-13,104269,1165
E40000008,Midlands,nhsRegion,2021-12-12,104136,1215
E40000008,Midlands,nhsRegion,2021-12-11,103991,1208
E40000008,Midlands,nhsRegion,2021-12-10,103883,1165
E40000008,Midlands,nhsRegion,2021-12-09,103757,1187
E40000008,Midlands,nhsRegion,2021-12-08,103614,1197
E40000008,Midlands,nhsRegion,2021-12-07,103483,1167
E40000008,Midlands,nhsRegion,2021-12-06,103300,1154
E40000008,Midlands,nhsRegion,2021-12-05,103160,1155
E40000008,Midlands,nhsRegion,2021-12-04,103027,1137
E40000008,Midlands,nhsRegion,2021-12-03,102899,1158
E40000008,Midlands,nhsRegion,2021-12-02,102791,1140
E40000008,Midlands,nhsRegion,2021-12-01,102637,1092
E40000008,Midlands,nhsRegion,2021-11-30,102493,1196
E40000008,Midlands,nhsRegion,2021-11-29,102370,1158
E40000008,Midlands,nhsRegion,2021-11-28,102244,1145
E40000008,Midlands,nhsRegion,2021-11-27,102123,1121
E40000008,Midlands,nhsRegion,2021-11-26,102007,1148
E40000008,Midlands,nhsRegion,2021-11-25,101880,1181
E40000008,Midlands,nhsRegion,2021-11-24,101748,1165
E40000008,Midlands,nhsRegion,2021-11-23,101621,1194
E40000008,Midlands,nhsRegion,2021-11-22,101479,1217
E40000008,Midlands,nhsRegion,2021-11-21,101356,1215
E40000008,Midlands,nhsRegion,2021-11-20,101245,1200
E40000008,Midlands,nhsRegion,2021-11-19,101154,1198
E40000008,Midlands,nhsRegion,2021-11-18,101022,1188
E40000008,Midlands,nhsRegion,2021-11-17,100866,1201
E40000008,Midlands,nhsRegion,2021-11-16,100733,1231
E40000008,Midlands,nhsRegion,2021-11-15,100586,1252
E40000008,Midlands,nhsRegion,2021-11-14,100458,1220
E40000008,Midlands,nhsRegion,2021-11-13,100334,1233
E40000008,Midlands,nhsRegion,2021-11-12,100211,1264
E40000008,Midlands,nhsRegion,2021-11-11,100076,1264
E40000008,Midlands,nhsRegion,2021-11-10,99928,1287
E40000008,Midlands,nhsRegion,2021-11-09,99771,1290
E40000008,Midlands,nhsRegion,2021-11-08,99609,1311
E40000008,Midlands,nhsRegion,2021-11-07,99452,1294
E40000008,Midlands,nhsRegion,2021-11-06,99316,1262
E40000008,Midlands,nhsRegion,2021-11-05,99194,1328
E40000008,Midlands,nhsRegion,2021-11-04,99064,1352
E40000008,Midlands,nhsRegion,2021-11-03,98916,1335
E40000008,Midlands,nhsRegion,2021-11-02,98739,1357
E40000008,Midlands,nhsRegion,2021-11-01,98571,1398
E40000008,Midlands,nhsRegion,2021-10-31,98384,1370
E40000008,Midlands,nhsRegion,2021-10-30,98238,1313
E40000008,Midlands,nhsRegion,2021-10-29,98099,1336
E40000008,Midlands,nhsRegion,2021-10-28,97956,1310
E40000008,Midlands,nhsRegion,2021-10-27,97783,1320
E40000008,Midlands,nhsRegion,2021-10-26,97610,1331
E40000008,Midlands,nhsRegion,2021-10-25,97445,1331
E40000008,Midlands,nhsRegion,2021-10-24,97305,1308
E40000008,Midlands,nhsRegion,2021-10-23,97174,1291
E40000008,Midlands,nhsRegion,2021-10-22,97045,1289
E40000008,Midlands,nhsRegion,2021-10-21,96896,1253
E40000008,Midlands,nhsRegion,2021-10-20,96723,1263
E40000008,Midlands,nhsRegion,2021-10-19,96553,1219
E40000008,Midlands,nhsRegion,2021-10-18,96365,1198
E40000008,Midlands,nhsRegion,2021-10-17,96217,1161
E40000008,Midlands,nhsRegion,2021-10-16,96080,1119
E40000008,Midlands,nhsRegion,2021-10-15,95921,1099
E40000008,Midlands,nhsRegion,2021-10-14,95758,1075
E40000008,Midlands,nhsRegion,2021-10-13,95616,1086
E40000008,Midlands,nhsRegion,2021-10-12,95478,1086
E40000008,Midlands,nhsRegion,2021-10-11,95329,1073
E40000008,Midlands,nhsRegion,2021-10-10,95175,1040
E40000008,Midlands,nhsRegion,2021-10-09,95059,991
E40000008,Midlands,nhsRegion,2021-10-08,94927,1008
E40000008,Midlands,nhsRegion,2021-10-07,94799,1027
E40000008,Midlands,nhsRegion,2021-10-06,94664,1042
E40000008,Midlands,nhsRegion,2021-10-05,94545,1029
E40000008,Midlands,nhsRegion,2021-10-04,94417,973
E40000008,Midlands,nhsRegion,2021-10-03,94290,971
E40000008,Midlands,nhsRegion,2021-10-02,94160,883
E40000008,Midlands,nhsRegion,2021-10-01,94061,930
E40000008,Midlands,nhsRegion,2021-09-30,93940,965
E40000008,Midlands,nhsRegion,2021-09-29,93824,1003
E40000008,Midlands,nhsRegion,2021-09-28,93695,1012
E40000008,Midlands,nhsRegion,2021-09-27,93582,1011
E40000008,Midlands,nhsRegion,2021-09-26,93455,1009
E40000008,Midlands,nhsRegion,2021-09-25,93351,998
E40000008,Midlands,nhsRegion,2021-09-24,93265,1044
E40000008,Midlands,nhsRegion,2021-09-23,93164,1068
E40000008,Midlands,nhsRegion,2021-09-22,93040,1113
E40000008,Midlands,nhsRegion,2021-09-21,92930,1150
E40000008,Midlands,nhsRegion,2021-09-20,92807,1178
E40000008,Midlands,nhsRegion,2021-09-19,92693,1159
E40000008,Midlands,nhsRegion,2021-09-18,92570,1134
E40000008,Midlands,nhsRegion,2021-09-17,92468,1209
E40000008,Midlands,nhsRegion,2021-09-16,92356,1227
E40000008,Midlands,nhsRegion,2021-09-15,92218,1257
E40000008,Midlands,nhsRegion,2021-09-14,92108,1296
E40000008,Midlands,nhsRegion,2021-09-13,91980,1304
E40000008,Midlands,nhsRegion,2021-09-12,91847,1307
E40000008,Midlands,nhsRegion,2021-09-11,91714,1271
E40000008,Midlands,nhsRegion,2021-09-10,91591,1341
E40000008,Midlands,nhsRegion,2021-09-09,91458,1265
E40000008,Midlands,nhsRegion,2021-09-08,91311,1264
E40000008,Midlands,nhsRegion,2021-09-07,91087,1145
E40000008,Midlands,nhsRegion,2021-09-06,90934,1243
E40000008,Midlands,nhsRegion,2021-09-05,90787,1211
E40000008,Midlands,nhsRegion,2021-09-04,90663,1174
E40000008,Midlands,nhsRegion,2021-09-03,90515,1235
E40000008,Midlands,nhsRegion,2021-09-02,90365,1226
E40000008,Midlands,nhsRegion,2021-09-01,90242,1265
E40000008,Midlands,nhsRegion,2021-08-31,90090,1280
E40000008,Midlands,nhsRegion,2021-08-30,89947,1210
E40000008,Midlands,nhsRegion,2021-08-29,89791,1202
E40000008,Midlands,nhsRegion,2021-08-28,89646,1172
E40000008,Midlands,nhsRegion,2021-08-27,89513,1204
E40000008,Midlands,nhsRegion,2021-08-26,89357,1180
E40000008,Midlands,nhsRegion,2021-08-25,89209,1217
E40000008,Midlands,nhsRegion,2021-08-24,89020,1199
E40000008,Midlands,nhsRegion,2021-08-23,88863,1209
E40000008,Midlands,nhsRegion,2021-08-22,88702,1185
E40000008,Midlands,nhsRegion,2021-08-21,88567,1119
E40000008,Midlands,nhsRegion,2021-08-20,88440,1129
E40000008,Midlands,nhsRegion,2021-08-19,88295,1095
E40000008,Midlands,nhsRegion,2021-08-18,88133,1067
E40000008,Midlands,nhsRegion,2021-08-17,87968,1052
E40000008,Midlands,nhsRegion,2021-08-16,87802,1063
E40000008,Midlands,nhsRegion,2021-08-15,87637,1002
E40000008,Midlands,nhsRegion,2021-08-14,87493,980
E40000008,Midlands,nhsRegion,2021-08-13,87369,998
E40000008,Midlands,nhsRegion,2021-08-12,87226,967
E40000008,Midlands,nhsRegion,2021-08-11,87074,958
E40000008,Midlands,nhsRegion,2021-08-10,86908,922
E40000008,Midlands,nhsRegion,2021-08-09,86766,921
E40000008,Midlands,nhsRegion,2021-08-08,86636,898
E40000008,Midlands,nhsRegion,2021-08-07,86524,871
E40000008,Midlands,nhsRegion,2021-08-06,86407,873
E40000008,Midlands,nhsRegion,2021-08-05,86276,899
E40000008,Midlands,nhsRegion,2021-08-04,86153,897
E40000008,Midlands,nhsRegion,2021-08-03,86010,925
E40000008,Midlands,nhsRegion,2021-08-02,85887,946
E40000008,Midlands,nhsRegion,2021-08-01,85762,911
E40000008,Midlands,nhsRegion,2021-07-31,85645,901
E40000008,Midlands,nhsRegion,2021-07-30,85526,931
E40000008,Midlands,nhsRegion,2021-07-29,85415,976
E40000008,Midlands,nhsRegion,2021-07-28,85281,971
E40000008,Midlands,nhsRegion,2021-07-27,85150,966
E40000008,Midlands,nhsRegion,2021-07-26,85024,959
E40000008,Midlands,nhsRegion,2021-07-25,84873,854
E40000008,Midlands,nhsRegion,2021-07-24,84740,805
E40000008,Midlands,nhsRegion,2021-07-23,84618,858
E40000008,Midlands,nhsRegion,2021-07-22,84482,815
E40000008,Midlands,nhsRegion,2021-07-21,84338,763
E40000008,Midlands,nhsRegion,2021-07-20,84192,749
E40000008,Midlands,nhsRegion,2021-07-19,84052,730
E40000008,Midlands,nhsRegion,2021-07-18,83933,669
E40000008,Midlands,nhsRegion,2021-07-17,83791,667
E40000008,Midlands,nhsRegion,2021-07-16,83675,634
E40000008,Midlands,nhsRegion,2021-07-15,83568,602
E40000008,Midlands,nhsRegion,2021-07-14,83434,601
E40000008,Midlands,nhsRegion,2021-07-13,83320,525
E40000008,Midlands,nhsRegion,2021-07-12,83185,499
E40000008,Midlands,nhsRegion,2021-07-11,83063,456
E40000008,Midlands,nhsRegion,2021-07-10,82966,441
E40000008,Midlands,nhsRegion,2021-07-09,82884,419
E40000008,Midlands,nhsRegion,2021-07-08,82806,389
E40000008,Midlands,nhsRegion,2021-07-07,82726,375
E40000008,Midlands,nhsRegion,2021-07-06,82644,334
E40000008,Midlands,nhsRegion,2021-07-05,82545,319
E40000008,Midlands,nhsRegion,2021-07-04,82464,304
E40000008,Midlands,nhsRegion,2021-07-03,82383,273
E40000008,Midlands,nhsRegion,2021-07-02,82333,254
E40000008,Midlands,nhsRegion,2021-07-01,82260,229
E40000008,Midlands,nhsRegion,2021-06-30,82188,226
E40000008,Midlands,nhsRegion,2021-06-29,82129,220
E40000008,Midlands,nhsRegion,2021-06-28,82088,229
E40000008,Midlands,nhsRegion,2021-06-27,82044,219
E40000008,Midlands,nhsRegion,2021-06-26,82008,199
E40000008,Midlands,nhsRegion,2021-06-25,81973,189
E40000008,Midlands,nhsRegion,2021-06-24,81929,184
E40000008,Midlands,nhsRegion,2021-06-23,81888,192
E40000008,Midlands,nhsRegion,2021-06-22,81850,194
E40000008,Midlands,nhsRegion,2021-06-21,81823,205
E40000008,Midlands,nhsRegion,2021-06-20,81794,156
E40000008,Midlands,nhsRegion,2021-06-19,81769,166
E40000008,Midlands,nhsRegion,2021-06-18,81735,166
E40000008,Midlands,nhsRegion,2021-06-17,81706,157
E40000008,Midlands,nhsRegion,2021-06-16,81676,144
E40000008,Midlands,nhsRegion,2021-06-15,81641,141
E40000008,Midlands,nhsRegion,2021-06-14,81613,150
E40000008,Midlands,nhsRegion,2021-06-13,81582,145
E40000008,Midlands,nhsRegion,2021-06-12,81554,138
E40000008,Midlands,nhsRegion,2021-06-11,81532,136
E40000008,Midlands,nhsRegion,2021-06-10,81511,133
E40000008,Midlands,nhsRegion,2021-06-09,81484,124
E40000008,Midlands,nhsRegion,2021-06-08,81460,123
E40000008,Midlands,nhsRegion,2021-06-07,81420,116
E40000008,Midlands,nhsRegion,2021-06-06,81396,119
E40000008,Midlands,nhsRegion,2021-06-05,81383,124
E40000008,Midlands,nhsRegion,2021-06-04,81371,135
E40000008,Midlands,nhsRegion,2021-06-03,81360,125
E40000008,Midlands,nhsRegion,2021-06-02,81345,138
E40000008,Midlands,nhsRegion,2021-06-01,81326,139
E40000008,Midlands,nhsRegion,2021-05-31,81308,133
E40000008,Midlands,nhsRegion,2021-05-30,81289,131
E40000008,Midlands,nhsRegion,2021-05-29,81277,126
E40000008,Midlands,nhsRegion,2021-05-28,81262,138
E40000008,Midlands,nhsRegion,2021-05-27,81246,141
E40000008,Midlands,nhsRegion,2021-05-26,81232,135
E40000008,Midlands,nhsRegion,2021-05-25,81212,134
E40000008,Midlands,nhsRegion,2021-05-24,81193,154
E40000008,Midlands,nhsRegion,2021-05-23,81179,151
E40000008,Midlands,nhsRegion,2021-05-22,81161,141
E40000008,Midlands,nhsRegion,2021-05-21,81144,144
E40000008,Midlands,nhsRegion,2021-05-20,81122,137
E40000008,Midlands,nhsRegion,2021-05-19,81097,143
E40000008,Midlands,nhsRegion,2021-05-18,81080,134
E40000008,Midlands,nhsRegion,2021-05-17,81052,144
E40000008,Midlands,nhsRegion,2021-05-16,81031,145
E40000008,Midlands,nhsRegion,2021-05-15,81019,146
E40000008,Midlands,nhsRegion,2021-05-14,81003,155
E40000008,Midlands,nhsRegion,2021-05-13,80988,157
E40000008,Midlands,nhsRegion,2021-05-12,80973,182
E40000008,Midlands,nhsRegion,2021-05-11,80960,185
E40000008,Midlands,nhsRegion,2021-05-10,80948,187
E40000008,Midlands,nhsRegion,2021-05-09,80932,183
E40000008,Midlands,nhsRegion,2021-05-08,80916,179
E40000008,Midlands,nhsRegion,2021-05-07,80899,186
E40000008,Midlands,nhsRegion,2021-05-06,80883,195
E40000008,Midlands,nhsRegion,2021-05-05,80866,201
E40000008,Midlands,nhsRegion,2021-05-04,80844,214
E40000008,Midlands,nhsRegion,2021-05-03,80825,215
E40000008,Midlands,nhsRegion,2021-05-02,80802,213
E40000008,Midlands,nhsRegion,2021-05-01,80786,189
E40000008,Midlands,nhsRegion,2021-04-30,80764,218
E40000008,Midlands,nhsRegion,2021-04-29,80744,232
E40000008,Midlands,nhsRegion,2021-04-28,80729,241
E40000008,Midlands,nhsRegion,2021-04-27,80708,237
E40000008,Midlands,nhsRegion,2021-04-26,80683,252
E40000008,Midlands,nhsRegion,2021-04-25,80649,241
E40000008,Midlands,nhsRegion,2021-04-24,80623,252
E40000008,Midlands,nhsRegion,2021-04-23,80600,259
E40000008,Midlands,nhsRegion,2021-04-22,80577,275
E40000008,Midlands,nhsRegion,2021-04-21,80551,301
E40000008,Midlands,nhsRegion,2021-04-20,80532,300
E40000008,Midlands,nhsRegion,2021-04-19,80519,326
E40000008,Midlands,nhsRegion,2021-04-18,80490,323
E40000008,Midlands,nhsRegion,2021-04-17,80464,332
E40000008,Midlands,nhsRegion,2021-04-16,80430,339
E40000008,Midlands,nhsRegion,2021-04-15,80399,353
E40000008,Midlands,nhsRegion,2021-04-14,80369,364
E40000008,Midlands,nhsRegion,2021-04-13,80345,400
E40000008,Midlands,nhsRegion,2021-04-12,80316,431
E40000008,Midlands,nhsRegion,2021-04-11,80290,433
E40000008,Midlands,nhsRegion,2021-04-10,80260,440
E40000008,Midlands,nhsRegion,2021-04-09,80230,464
E40000008,Midlands,nhsRegion,2021-04-08,80193,491
E40000008,Midlands,nhsRegion,2021-04-07,80161,502
E40000008,Midlands,nhsRegion,2021-04-06,80121,529
E40000008,Midlands,nhsRegion,2021-04-05,80076,530
E40000008,Midlands,nhsRegion,2021-04-04,80032,525
E40000008,Midlands,nhsRegion,2021-04-03,79998,536
E40000008,Midlands,nhsRegion,2021-04-02,79958,563
E40000008,Midlands,nhsRegion,2021-04-01,79915,606
E40000008,Midlands,nhsRegion,2021-03-31,79881,631
E40000008,Midlands,nhsRegion,2021-03-30,79830,669
E40000008,Midlands,nhsRegion,2021-03-29,79778,709
E40000008,Midlands,nhsRegion,2021-03-28,79734,712
E40000008,Midlands,nhsRegion,2021-03-27,79684,736
E40000008,Midlands,nhsRegion,2021-03-26,79630,765
E40000008,Midlands,nhsRegion,2021-03-25,79579,773
E40000008,Midlands,nhsRegion,2021-03-24,79502,826
E40000008,Midlands,nhsRegion,2021-03-23,79441,896
E40000008,Midlands,nhsRegion,2021-03-22,79380,948
E40000008,Midlands,nhsRegion,2021-03-21,79320,965
E40000008,Midlands,nhsRegion,2021-03-20,79257,969
E40000008,Midlands,nhsRegion,2021-03-19,79201,1052
E40000008,Midlands,nhsRegion,2021-03-18,79125,1100
E40000008,Midlands,nhsRegion,2021-03-17,79041,1204
E40000008,Midlands,nhsRegion,2021-03-16,78976,1249
E40000008,Midlands,nhsRegion,2021-03-15,78904,1303
E40000008,Midlands,nhsRegion,2021-03-14,78788,1324
E40000008,Midlands,nhsRegion,2021-03-13,78714,1356
E40000008,Midlands,nhsRegion,2021-03-12,78627,1401
E40000008,Midlands,nhsRegion,2021-03-11,78534,1483
E40000008,Midlands,nhsRegion,2021-03-10,78429,1565
E40000008,Midlands,nhsRegion,2021-03-09,78316,1653
E40000008,Midlands,nhsRegion,2021-03-08,78215,1736
E40000008,Midlands,nhsRegion,2021-03-07,78103,1766
E40000008,Midlands,nhsRegion,2021-03-06,78007,1803
E40000008,Midlands,nhsRegion,2021-03-05,77900,1928
E40000008,Midlands,nhsRegion,2021-03-04,77796,2043
E40000008,Midlands,nhsRegion,2021-03-03,77667,2181
E40000008,Midlands,nhsRegion,2021-03-02,77499,2304
E40000008,Midlands,nhsRegion,2021-03-01,77349,2458
E40000008,Midlands,nhsRegion,2021-02-28,77186,2483
E40000008,Midlands,nhsRegion,2021-02-27,77060,2518
E40000008,Midlands,nhsRegion,2021-02-26,76913,2648
E40000008,Midlands,nhsRegion,2021-02-25,76741,2776
E40000008,Midlands,nhsRegion,2021-02-24,76531,2875
E40000008,Midlands,nhsRegion,2021-02-23,76312,3003
E40000008,Midlands,nhsRegion,2021-02-22,76064,3080
E40000008,Midlands,nhsRegion,2021-02-21,75818,3036
E40000008,Midlands,nhsRegion,2021-02-20,75590,3080
E40000008,Midlands,nhsRegion,2021-02-19,75361,3190
E40000008,Midlands,nhsRegion,2021-02-18,75091,3280
E40000008,Midlands,nhsRegion,2021-02-17,74824,3325
E40000008,Midlands,nhsRegion,2021-02-16,74526,3466
E40000008,Midlands,nhsRegion,2021-02-15,74209,3534
E40000008,Midlands,nhsRegion,2021-02-14,73884,3612
E40000008,Midlands,nhsRegion,2021-02-13,73562,3608
E40000008,Midlands,nhsRegion,2021-02-12,73288,3840
E40000008,Midlands,nhsRegion,2021-02-11,73010,4021
E40000008,Midlands,nhsRegion,2021-02-10,72681,4258
E40000008,Midlands,nhsRegion,2021-02-09,72362,4430
E40000008,Midlands,nhsRegion,2021-02-08,72033,4550
E40000008,Midlands,nhsRegion,2021-02-07,71635,4529
E40000008,Midlands,nhsRegion,2021-02-06,71289,4477
E40000008,Midlands,nhsRegion,2021-02-05,70907,4769
E40000008,Midlands,nhsRegion,2021-02-04,70533,4986
E40000008,Midlands,nhsRegion,2021-02-03,70121,5186
E40000008,Midlands,nhsRegion,2021-02-02,69707,5383
E40000008,Midlands,nhsRegion,2021-02-01,69198,5503
E40000008,Midlands,nhsRegion,2021-01-31,68713,5586
E40000008,Midlands,nhsRegion,2021-01-30,68229,5590
E40000008,Midlands,nhsRegion,2021-01-29,67743,5664
E40000008,Midlands,nhsRegion,2021-01-28,67275,5810
E40000008,Midlands,nhsRegion,2021-01-27,66683,5940
E40000008,Midlands,nhsRegion,2021-01-26,66109,6165
E40000008,Midlands,nhsRegion,2021-01-25,65514,6330
E40000008,Midlands,nhsRegion,2021-01-24,64977,6338
E40000008,Midlands,nhsRegion,2021-01-23,64428,6245
E40000008,Midlands,nhsRegion,2021-01-22,63888,6341
E40000008,Midlands,nhsRegion,2021-01-21,63296,6380
E40000008,Midlands,nhsRegion,2021-01-20,62637,6350
E40000008,Midlands,nhsRegion,2021-01-19,61860,6325
E40000008,Midlands,nhsRegion,2021-01-18,61025,6278
E40000008,Midlands,nhsRegion,2021-01-17,60201,6077
E40000008,Midlands,nhsRegion,2021-01-16,59463,5955
E40000008,Midlands,nhsRegion,2021-01-15,58710,5890
E40000008,Midlands,nhsRegion,2021-01-14,58039,5799
E40000008,Midlands,nhsRegion,2021-01-13,57310,5741
E40000008,Midlands,nhsRegion,2021-01-12,56572,5630
E40000008,Midlands,nhsRegion,2021-01-11,55710,5524
E40000008,Midlands,nhsRegion,2021-01-10,54886,5294
E40000008,Midlands,nhsRegion,2021-01-09,54226,5136
E40000008,Midlands,nhsRegion,2021-01-08,53588,4934
E40000008,Midlands,nhsRegion,2021-01-07,52922,4521
E40000008,Midlands,nhsRegion,2021-01-06,52195,4629
E40000008,Midlands,nhsRegion,2021-01-05,51535,4553
E40000008,Midlands,nhsRegion,2021-01-04,50880,4499
E40000008,Midlands,nhsRegion,2021-01-03,50272,4065
E40000008,Midlands,nhsRegion,2021-01-02,49729,3959
E40000008,Midlands,nhsRegion,2021-01-01,49183,3808
E40000008,Midlands,nhsRegion,2020-12-31,48714,3944
E40000008,Midlands,nhsRegion,2020-12-30,48279,3876
E40000008,Midlands,nhsRegion,2020-12-29,47792,3694
E40000008,Midlands,nhsRegion,2020-12-28,47230,3515
E40000008,Midlands,nhsRegion,2020-12-27,46724,3329
E40000008,Midlands,nhsRegion,2020-12-26,46323,3233
E40000008,Midlands,nhsRegion,2020-12-25,45894,3228
E40000008,Midlands,nhsRegion,2020-12-24,45613,3368
E40000008,Midlands,nhsRegion,2020-12-23,45319,3405
E40000008,Midlands,nhsRegion,2020-12-22,45005,3447
E40000008,Midlands,nhsRegion,2020-12-21,44641,3389
E40000008,Midlands,nhsRegion,2020-12-20,44243,3203
E40000008,Midlands,nhsRegion,2020-12-19,43879,3293
E40000008,Midlands,nhsRegion,2020-12-18,43609,3289
E40000008,Midlands,nhsRegion,2020-12-17,43322,3292
E40000008,Midlands,nhsRegion,2020-12-16,42953,3191
E40000008,Midlands,nhsRegion,2020-12-15,42568,3097
E40000008,Midlands,nhsRegion,2020-12-14,42200,3286
E40000008,Midlands,nhsRegion,2020-12-13,41871,3276
E40000008,Midlands,nhsRegion,2020-12-12,41567,3076
E40000008,Midlands,nhsRegion,2020-12-11,41210,3107
E40000008,Midlands,nhsRegion,2020-12-10,40886,3135
E40000008,Midlands,nhsRegion,2020-12-09,40510,3103
E40000008,Midlands,nhsRegion,2020-12-08,40191,3128
E40000008,Midlands,nhsRegion,2020-12-07,39831,3109
E40000008,Midlands,nhsRegion,2020-12-06,39528,3087
E40000008,Midlands,nhsRegion,2020-12-05,39205,3021
E40000008,Midlands,nhsRegion,2020-12-04,38943,2967
E40000008,Midlands,nhsRegion,2020-12-03,38587,2843
E40000008,Midlands,nhsRegion,2020-12-02,38243,3054
E40000008,Midlands,nhsRegion,2020-12-01,37915,3084
E40000008,Midlands,nhsRegion,2020-11-30,37592,3130
E40000008,Midlands,nhsRegion,2020-11-29,37308,3120
E40000008,Midlands,nhsRegion,2020-11-28,37031,3079
E40000008,Midlands,nhsRegion,2020-11-27,36778,3203
E40000008,Midlands,nhsRegion,2020-11-26,36546,3245
E40000008,Midlands,nhsRegion,2020-11-25,36276,3378
E40000008,Midlands,nhsRegion,2020-11-24,35927,3406
E40000008,Midlands,nhsRegion,2020-11-23,35594,3414
E40000008,Midlands,nhsRegion,2020-11-22,35222,3401
E40000008,Midlands,nhsRegion,2020-11-21,34917,3320
E40000008,Midlands,nhsRegion,2020-11-20,34642,3329
E40000008,Midlands,nhsRegion,2020-11-19,34317,3425
E40000008,Midlands,nhsRegion,2020-11-18,33965,3395
E40000008,Midlands,nhsRegion,2020-11-17,33584,3335
E40000008,Midlands,nhsRegion,2020-11-16,33226,3274
E40000008,Midlands,nhsRegion,2020-11-15,32835,3183
E40000008,Midlands,nhsRegion,2020-11-14,32505,3126
E40000008,Midlands,nhsRegion,2020-11-13,32159,3039
E40000008,Midlands,nhsRegion,2020-11-12,31787,2948
E40000008,Midlands,nhsRegion,2020-11-11,31419,2805
E40000008,Midlands,nhsRegion,2020-11-10,30982,2605
E40000008,Midlands,nhsRegion,2020-11-09,30590,2634
E40000008,Midlands,nhsRegion,2020-11-08,30193,2545
E40000008,Midlands,nhsRegion,2020-11-07,29831,2453
E40000008,Midlands,nhsRegion,2020-11-06,29531,2345
E40000008,Midlands,nhsRegion,2020-11-05,29252,2339
E40000008,Midlands,nhsRegion,2020-11-04,28928,2332
E40000008,Midlands,nhsRegion,2020-11-03,28630,2350
E40000008,Midlands,nhsRegion,2020-11-02,28369,2044
E40000008,Midlands,nhsRegion,2020-11-01,28085,1929
E40000008,Midlands,nhsRegion,2020-10-31,27811,2010
E40000008,Midlands,nhsRegion,2020-10-30,27561,1950
E40000008,Midlands,nhsRegion,2020-10-29,27327,1871
E40000008,Midlands,nhsRegion,2020-10-28,27039,1935
E40000008,Midlands,nhsRegion,2020-10-27,26810,1700
E40000008,Midlands,nhsRegion,2020-10-26,26542,1330
E40000008,Midlands,nhsRegion,2020-10-25,26264,1449
E40000008,Midlands,nhsRegion,2020-10-24,26044,1379
E40000008,Midlands,nhsRegion,2020-10-23,25870,1301
E40000008,Midlands,nhsRegion,2020-10-22,25689,1230
E40000008,Midlands,nhsRegion,2020-10-21,25459,1148
E40000008,Midlands,nhsRegion,2020-10-20,25262,1090
E40000008,Midlands,nhsRegion,2020-10-19,25054,1003
E40000008,Midlands,nhsRegion,2020-10-18,24881,905
E40000008,Midlands,nhsRegion,2020-10-17,24716,872
E40000008,Midlands,nhsRegion,2020-10-16,24608,843
E40000008,Midlands,nhsRegion,2020-10-15,24476,796
E40000008,Midlands,nhsRegion,2020-10-14,24330,707
E40000008,Midlands,nhsRegion,2020-10-13,24201,667
E40000008,Midlands,nhsRegion,2020-10-12,24040,661
E40000008,Midlands,nhsRegion,2020-10-11,23931,611
E40000008,Midlands,nhsRegion,2020-10-10,23830,549
E40000008,Midlands,nhsRegion,2020-10-09,23752,548
E40000008,Midlands,nhsRegion,2020-10-08,23665,522
E40000008,Midlands,nhsRegion,2020-10-07,23588,517
E40000008,Midlands,nhsRegion,2020-10-06,23507,495
E40000008,Midlands,nhsRegion,2020-10-05,23429,479
E40000008,Midlands,nhsRegion,2020-10-04,23332,447
E40000008,Midlands,nhsRegion,2020-10-03,23264,417
E40000008,Midlands,nhsRegion,2020-10-02,23211,415
E40000008,Midlands,nhsRegion,2020-10-01,23144,391
E40000008,Midlands,nhsRegion,2020-09-30,23082,374
E40000008,Midlands,nhsRegion,2020-09-29,23025,379
E40000008,Midlands,nhsRegion,2020-09-28,22970,382
E40000008,Midlands,nhsRegion,2020-09-27,22912,369
E40000008,Midlands,nhsRegion,2020-09-26,22864,345
E40000008,Midlands,nhsRegion,2020-09-25,22812,346
E40000008,Midlands,nhsRegion,2020-09-24,22751,304
E40000008,Midlands,nhsRegion,2020-09-23,22692,286
E40000008,Midlands,nhsRegion,2020-09-22,22637,278
E40000008,Midlands,nhsRegion,2020-09-21,22576,265
E40000008,Midlands,nhsRegion,2020-09-20,22546,248
E40000008,Midlands,nhsRegion,2020-09-19,22503,221
E40000008,Midlands,nhsRegion,2020-09-18,22460,206
E40000008,Midlands,nhsRegion,2020-09-17,22421,187
E40000008,Midlands,nhsRegion,2020-09-16,22385,189
E40000008,Midlands,nhsRegion,2020-09-15,22348,198
E40000008,Midlands,nhsRegion,2020-09-14,22315,164
E40000008,Midlands,nhsRegion,2020-09-13,22279,151
E40000008,Midlands,nhsRegion,2020-09-12,22248,132
E40000008,Midlands,nhsRegion,2020-09-11,22226,118
E40000008,Midlands,nhsRegion,2020-09-10,22195,107
E40000008,Midlands,nhsRegion,2020-09-09,22165,100
E40000008,Midlands,nhsRegion,2020-09-08,22133,97
E40000008,Midlands,nhsRegion,2020-09-07,22106,96
E40000008,Midlands,nhsRegion,2020-09-06,22086,79
E40000008,Midlands,nhsRegion,2020-09-05,22067,80
E40000008,Midlands,nhsRegion,2020-09-04,22043,81
E40000008,Midlands,nhsRegion,2020-09-03,22026,83
E40000008,Midlands,nhsRegion,2020-09-02,22019,85
E40000008,Midlands,nhsRegion,2020-09-01,22005,123
E40000008,Midlands,nhsRegion,2020-08-31,21995,127
E40000008,Midlands,nhsRegion,2020-08-30,21980,131
E40000008,Midlands,nhsRegion,2020-08-29,21972,133
E40000008,Midlands,nhsRegion,2020-08-28,21960,135
E40000008,Midlands,nhsRegion,2020-08-27,21958,143
E40000008,Midlands,nhsRegion,2020-08-26,21945,140
E40000008,Midlands,nhsRegion,2020-08-25,21933,147
E40000008,Midlands,nhsRegion,2020-08-24,21921,148
E40000008,Midlands,nhsRegion,2020-08-23,21913,149
E40000008,Midlands,nhsRegion,2020-08-22,21904,146
E40000008,Midlands,nhsRegion,2020-08-21,21895,138
E40000008,Midlands,nhsRegion,2020-08-20,21885,145
E40000008,Midlands,nhsRegion,2020-08-19,21873,156
E40000008,Midlands,nhsRegion,2020-08-18,21864,160
E40000008,Midlands,nhsRegion,2020-08-17,21849,157
E40000008,Midlands,nhsRegion,2020-08-16,21835,146
E40000008,Midlands,nhsRegion,2020-08-15,21824,141
E40000008,Midlands,nhsRegion,2020-08-14,21809,141
E40000008,Midlands,nhsRegion,2020-08-13,21796,150
E40000008,Midlands,nhsRegion,2020-08-12,21780,148
E40000008,Midlands,nhsRegion,2020-08-11,21774,154
E40000008,Midlands,nhsRegion,2020-08-10,21768,160
E40000008,Midlands,nhsRegion,2020-08-09,21764,101
E40000008,Midlands,nhsRegion,2020-08-08,21752,96
E40000008,Midlands,nhsRegion,2020-08-07,21740,178
E40000008,Midlands,nhsRegion,2020-08-06,21735,179
E40000008,Midlands,nhsRegion,2020-08-05,21727,181
E40000008,Midlands,nhsRegion,2020-08-04,21715,182
E40000008,Midlands,nhsRegion,2020-08-03,21707,206
E40000008,Midlands,nhsRegion,2020-08-02,21694,194
E40000008,Midlands,nhsRegion,2020-08-01,21689,216
E40000008,Midlands,nhsRegion,2020-07-31,21681,199
E40000008,Midlands,nhsRegion,2020-07-30,21670,196
E40000008,Midlands,nhsRegion,2020-07-29,21655,207
E40000008,Midlands,nhsRegion,2020-07-28,21641,220
E40000008,Midlands,nhsRegion,2020-07-27,21626,220
E40000008,Midlands,nhsRegion,2020-07-26,21618,210
E40000008,Midlands,nhsRegion,2020-07-25,21606,214
E40000008,Midlands,nhsRegion,2020-07-24,21594,228
E40000008,Midlands,nhsRegion,2020-07-23,21579,238
E40000008,Midlands,nhsRegion,2020-07-22,21557,271
E40000008,Midlands,nhsRegion,2020-07-21,21544,277
E40000008,Midlands,nhsRegion,2020-07-20,21524,274
E40000008,Midlands,nhsRegion,2020-07-19,21502,274
E40000008,Midlands,nhsRegion,2020-07-18,21491,275
E40000008,Midlands,nhsRegion,2020-07-17,21484,288
E40000008,Midlands,nhsRegion,2020-07-16,21473,289
E40000008,Midlands,nhsRegion,2020-07-15,21457,326
E40000008,Midlands,nhsRegion,2020-07-14,21441,313
E40000008,Midlands,nhsRegion,2020-07-13,21420,338
E40000008,Midlands,nhsRegion,2020-07-12,21396,339
E40000008,Midlands,nhsRegion,2020-07-11,21382,386
E40000008,Midlands,nhsRegion,2020-07-10,21367,375
E40000008,Midlands,nhsRegion,2020-07-09,21351,389
E40000008,Midlands,nhsRegion,2020-07-08,21326,440
E40000008,Midlands,nhsRegion,2020-07-07,21297,472
E40000008,Midlands,nhsRegion,2020-07-06,21270,501
E40000008,Midlands,nhsRegion,2020-07-05,21239,497
E40000008,Midlands,nhsRegion,2020-07-04,21214,512
E40000008,Midlands,nhsRegion,2020-07-03,21195,518
E40000008,Midlands,nhsRegion,2020-07-02,21158,580
E40000008,Midlands,nhsRegion,2020-07-01,21127,608
E40000008,Midlands,nhsRegion,2020-06-30,21085,631
E40000008,Midlands,nhsRegion,2020-06-29,21041,645
E40000008,Midlands,nhsRegion,2020-06-28,21000,663
E40000008,Midlands,nhsRegion,2020-06-27,20971,665
E40000008,Midlands,nhsRegion,2020-06-26,20929,648
E40000008,Midlands,nhsRegion,2020-06-25,20869,716
E40000008,Midlands,nhsRegion,2020-06-24,20830,741
E40000008,Midlands,nhsRegion,2020-06-23,20775,768
E40000008,Midlands,nhsRegion,2020-06-22,20716,809
E40000008,Midlands,nhsRegion,2020-06-21,20661,812
E40000008,Midlands,nhsRegion,2020-06-20,20600,825
E40000008,Midlands,nhsRegion,2020-06-19,20558,837
E40000008,Midlands,nhsRegion,2020-06-18,20504,899
E40000008,Midlands,nhsRegion,2020-06-17,20438,915
E40000008,Midlands,nhsRegion,2020-06-16,20372,953
E40000008,Midlands,nhsRegion,2020-06-15,20300,958
E40000008,Midlands,nhsRegion,2020-06-14,20222,960
E40000008,Midlands,nhsRegion,2020-06-13,20150,945
E40000008,Midlands,nhsRegion,2020-06-12,20077,966
E40000008,Midlands,nhsRegion,2020-06-11,20008,949
E40000008,Midlands,nhsRegion,2020-06-10,19932,1011
E40000008,Midlands,nhsRegion,2020-06-09,19827,1042
E40000008,Midlands,nhsRegion,2020-06-08,19724,1056
E40000008,Midlands,nhsRegion,2020-06-07,19638,1054
E40000008,Midlands,nhsRegion,2020-06-06,19573,1071
E40000008,Midlands,nhsRegion,2020-06-05,19522,1107
E40000008,Midlands,nhsRegion,2020-06-04,19452,1154
E40000008,Midlands,nhsRegion,2020-06-03,19358,1153
E40000008,Midlands,nhsRegion,2020-06-02,19246,1234
E40000008,Midlands,nhsRegion,2020-06-01,19120,1273
E40000008,Midlands,nhsRegion,2020-05-31,19026,1252
E40000008,Midlands,nhsRegion,2020-05-30,18924,1247
E40000008,Midlands,nhsRegion,2020-05-29,18808,1312
E40000008,Midlands,nhsRegion,2020-05-28,18696,1359
E40000008,Midlands,nhsRegion,2020-05-27,18582,1418
E40000008,Midlands,nhsRegion,2020-05-26,18456,1624
E40000008,Midlands,nhsRegion,2020-05-25,18338,1685
E40000008,Midlands,nhsRegion,2020-05-24,18246,1644
E40000008,Midlands,nhsRegion,2020-05-23,18156,1620
E40000008,Midlands,nhsRegion,2020-05-22,18043,1706
E40000008,Midlands,nhsRegion,2020-05-21,17923,1733
E40000008,Midlands,nhsRegion,2020-05-20,17790,1763
E40000008,Midlands,nhsRegion,2020-05-19,17641,1811
E40000008,Midlands,nhsRegion,2020-05-18,17484,1820
E40000008,Midlands,nhsRegion,2020-05-17,17330,1809
E40000008,Midlands,nhsRegion,2020-05-16,17178,1747
E40000008,Midlands,nhsRegion,2020-05-15,17035,1776
E40000008,Midlands,nhsRegion,2020-05-14,16863,1833
E40000008,Midlands,nhsRegion,2020-05-13,16720,1879
E40000008,Midlands,nhsRegion,2020-05-12,16572,1869
E40000008,Midlands,nhsRegion,2020-05-11,16412,1915
E40000008,Midlands,nhsRegion,2020-05-10,16247,1889
E40000008,Midlands,nhsRegion,2020-05-09,16123,1921
E40000008,Midlands,nhsRegion,2020-05-08,15964,1917
E40000008,Midlands,nhsRegion,2020-05-07,15807,1976
E40000008,Midlands,nhsRegion,2020-05-06,15640,2070
E40000008,Midlands,nhsRegion,2020-05-05,15439,2100
E40000008,Midlands,nhsRegion,2020-05-04,15255,2154
E40000008,Midlands,nhsRegion,2020-05-03,15027,2161
E40000008,Midlands,nhsRegion,2020-05-02,14885,2198
E40000008,Midlands,nhsRegion,2020-05-01,14734,2219
E40000008,Midlands,nhsRegion,2020-04-30,14535,2308
E40000008,Midlands,nhsRegion,2020-04-29,14329,2318
E40000008,Midlands,nhsRegion,2020-04-28,14106,2435
E40000008,Midlands,nhsRegion,2020-04-27,13886,2542
E40000008,Midlands,nhsRegion,2020-04-26,13680,2549
E40000008,Midlands,nhsRegion,2020-04-25,13470,2368
E40000008,Midlands,nhsRegion,2020-04-24,13283,2558
E40000008,Midlands,nhsRegion,2020-04-23,13079,2722
E40000008,Midlands,nhsRegion,2020-04-22,12858,2755
E40000008,Midlands,nhsRegion,2020-04-21,12640,2845
E40000008,Midlands,nhsRegion,2020-04-20,12381,2843
E40000008,Midlands,nhsRegion,2020-04-19,12101,2883
E40000008,Midlands,nhsRegion,2020-04-18,11820,2894
E40000008,Midlands,nhsRegion,2020-04-17,11591,2815
E40000008,Midlands,nhsRegion,2020-04-16,11300,3095
E40000008,Midlands,nhsRegion,2020-04-15,11017,3101
E40000008,Midlands,nhsRegion,2020-04-14,10775,3345
E40000008,Midlands,nhsRegion,2020-04-13,10416,3316
E40000008,Midlands,nhsRegion,2020-04-12,10083,3430
E40000008,Midlands,nhsRegion,2020-04-11,9780,3396
E40000008,Midlands,nhsRegion,2020-04-10,9445,3414
E40000008,Midlands,nhsRegion,2020-04-09,9066,3271
E40000008,Midlands,nhsRegion,2020-04-08,8692,3315
E40000008,Midlands,nhsRegion,2020-04-07,8156,3328
E40000008,Midlands,nhsRegion,2020-04-06,7624,3250
E40000008,Midlands,nhsRegion,2020-04-05,7185,3091
E40000008,Midlands,nhsRegion,2020-04-04,6696,2925
E40000008,Midlands,nhsRegion,2020-04-03,6137,2682
E40000008,Midlands,nhsRegion,2020-04-02,5686,1851
E40000008,Midlands,nhsRegion,2020-04-01,5104,2192
E40000008,Midlands,nhsRegion,2020-03-31,4328,1952
E40000008,Midlands,nhsRegion,2020-03-30,3734,1833
E40000008,Midlands,nhsRegion,2020-03-29,3153,1330
E40000008,Midlands,nhsRegion,2020-03-28,2672,1138
E40000008,Midlands,nhsRegion,2020-03-27,2322,1064
E40000008,Midlands,nhsRegion,2020-03-26,1918,970
E40000008,Midlands,nhsRegion,2020-03-25,1562,691
E40000008,Midlands,nhsRegion,2020-03-24,1140,584
E40000008,Midlands,nhsRegion,2020-03-23,811,438
E40000008,Midlands,nhsRegion,2020-03-22,603,382
E40000008,Midlands,nhsRegion,2020-03-21,411,279
E40000008,Midlands,nhsRegion,2020-03-20,260,218
E40000008,Midlands,nhsRegion,2020-03-19,96,
E40000009,North East and Yorkshire,nhsRegion,2022-07-13,,2047
E40000009,North East and Yorkshire,nhsRegion,2022-07-12,,2026
E40000009,North East and Yorkshire,nhsRegion,2022-07-11,134420,1965
E40000009,North East and Yorkshire,nhsRegion,2022-07-10,134137,1868
E40000009,North East and Yorkshire,nhsRegion,2022-07-09,133830,1864
E40000009,North East and Yorkshire,nhsRegion,2022-07-08,133610,1807
E40000009,North East and Yorkshire,nhsRegion,2022-07-07,133358,1753
E40000009,North East and Yorkshire,nhsRegion,2022-07-06,133055,1706
E40000009,North East and Yorkshire,nhsRegion,2022-07-05,132767,1657
E40000009,North East and Yorkshire,nhsRegion,2022-07-04,132449,1601
E40000009,North East and Yorkshire,nhsRegion,2022-07-03,132147,1504
E40000009,North East and Yorkshire,nhsRegion,2022-07-02,131875,1466
E40000009,North East and Yorkshire,nhsRegion,2022-07-01,131649,1468
E40000009,North East and Yorkshire,nhsRegion,2022-06-30,131436,1380
E40000009,North East and Yorkshire,nhsRegion,2022-06-29,131193,1330
E40000009,North East and Yorkshire,nhsRegion,2022-06-28,130967,1284
E40000009,North East and Yorkshire,nhsRegion,2022-06-27,130747,1227
E40000009,North East and Yorkshire,nhsRegion,2022-06-26,130530,1185
E40000009,North East and Yorkshire,nhsRegion,2022-06-25,130318,1068
E40000009,North East and Yorkshire,nhsRegion,2022-06-24,130139,1066
E40000009,North East and Yorkshire,nhsRegion,2022-06-23,129940,1001
E40000009,North East and Yorkshire,nhsRegion,2022-06-22,129736,968
E40000009,North East and Yorkshire,nhsRegion,2022-06-21,129559,958
E40000009,North East and Yorkshire,nhsRegion,2022-06-20,129387,922
E40000009,North East and Yorkshire,nhsRegion,2022-06-19,129208,866
E40000009,North East and Yorkshire,nhsRegion,2022-06-18,129059,831
E40000009,North East and Yorkshire,nhsRegion,2022-06-17,128932,810
E40000009,North East and Yorkshire,nhsRegion,2022-06-16,128791,812
E40000009,North East and Yorkshire,nhsRegion,2022-06-15,128680,782
E40000009,North East and Yorkshire,nhsRegion,2022-06-14,128550,769
E40000009,North East and Yorkshire,nhsRegion,2022-06-13,128426,720
E40000009,North East and Yorkshire,nhsRegion,2022-06-12,128309,680
E40000009,North East and Yorkshire,nhsRegion,2022-06-11,128188,680
E40000009,North East and Yorkshire,nhsRegion,2022-06-10,128089,710
E40000009,North East and Yorkshire,nhsRegion,2022-06-09,128005,688
E40000009,North East and Yorkshire,nhsRegion,2022-06-08,127904,680
E40000009,North East and Yorkshire,nhsRegion,2022-06-07,127780,674
E40000009,North East and Yorkshire,nhsRegion,2022-06-06,127685,647
E40000009,North East and Yorkshire,nhsRegion,2022-06-05,127575,640
E40000009,North East and Yorkshire,nhsRegion,2022-06-04,127483,632
E40000009,North East and Yorkshire,nhsRegion,2022-06-03,127411,615
E40000009,North East and Yorkshire,nhsRegion,2022-06-02,127340,624
E40000009,North East and Yorkshire,nhsRegion,2022-06-01,127270,634
E40000009,North East and Yorkshire,nhsRegion,2022-05-31,127188,640
E40000009,North East and Yorkshire,nhsRegion,2022-05-30,127114,656
E40000009,North East and Yorkshire,nhsRegion,2022-05-29,127029,676
E40000009,North East and Yorkshire,nhsRegion,2022-05-28,126955,658
E40000009,North East and Yorkshire,nhsRegion,2022-05-27,126901,694
E40000009,North East and Yorkshire,nhsRegion,2022-05-26,126840,710
E40000009,North East and Yorkshire,nhsRegion,2022-05-25,126761,743
E40000009,North East and Yorkshire,nhsRegion,2022-05-24,126686,792
E40000009,North East and Yorkshire,nhsRegion,2022-05-23,126615,834
E40000009,North East and Yorkshire,nhsRegion,2022-05-22,126539,852
E40000009,North East and Yorkshire,nhsRegion,2022-05-21,126472,848
E40000009,North East and Yorkshire,nhsRegion,2022-05-20,126400,869
E40000009,North East and Yorkshire,nhsRegion,2022-05-19,126326,880
E40000009,North East and Yorkshire,nhsRegion,2022-05-18,126224,905
E40000009,North East and Yorkshire,nhsRegion,2022-05-17,126097,980
E40000009,North East and Yorkshire,nhsRegion,2022-05-16,125990,1031
E40000009,North East and Yorkshire,nhsRegion,2022-05-15,125907,1114
E40000009,North East and Yorkshire,nhsRegion,2022-05-14,125806,1124
E40000009,North East and Yorkshire,nhsRegion,2022-05-13,125709,1061
E40000009,North East and Yorkshire,nhsRegion,2022-05-12,125613,1152
E40000009,North East and Yorkshire,nhsRegion,2022-05-11,125511,1225
E40000009,North East and Yorkshire,nhsRegion,2022-05-10,125401,1261
E40000009,North East and Yorkshire,nhsRegion,2022-05-09,125277,1303
E40000009,North East and Yorkshire,nhsRegion,2022-05-08,125143,1309
E40000009,North East and Yorkshire,nhsRegion,2022-05-07,125001,1315
E40000009,North East and Yorkshire,nhsRegion,2022-05-06,124908,1376
E40000009,North East and Yorkshire,nhsRegion,2022-05-05,124765,1468
E40000009,North East and Yorkshire,nhsRegion,2022-05-04,124617,1486
E40000009,North East and Yorkshire,nhsRegion,2022-05-03,124457,1543
E40000009,North East and Yorkshire,nhsRegion,2022-05-02,124308,1586
E40000009,North East and Yorkshire,nhsRegion,2022-05-01,124173,1581
E40000009,North East and Yorkshire,nhsRegion,2022-04-30,124048,1619
E40000009,North East and Yorkshire,nhsRegion,2022-04-29,123930,1680
E40000009,North East and Yorkshire,nhsRegion,2022-04-28,123760,1767
E40000009,North East and Yorkshire,nhsRegion,2022-04-27,123603,1880
E40000009,North East and Yorkshire,nhsRegion,2022-04-26,123407,1950
E40000009,North East and Yorkshire,nhsRegion,2022-04-25,123221,2067
E40000009,North East and Yorkshire,nhsRegion,2022-04-24,123009,2092
E40000009,North East and Yorkshire,nhsRegion,2022-04-23,122834,2079
E40000009,North East and Yorkshire,nhsRegion,2022-04-22,122632,2168
E40000009,North East and Yorkshire,nhsRegion,2022-04-21,122426,2231
E40000009,North East and Yorkshire,nhsRegion,2022-04-20,122173,2307
E40000009,North East and Yorkshire,nhsRegion,2022-04-19,121944,2398
E40000009,North East and Yorkshire,nhsRegion,2022-04-18,121661,2454
E40000009,North East and Yorkshire,nhsRegion,2022-04-17,121400,2265
E40000009,North East and Yorkshire,nhsRegion,2022-04-16,121166,2329
E40000009,North East and Yorkshire,nhsRegion,2022-04-15,120935,2338
E40000009,North East and Yorkshire,nhsRegion,2022-04-14,120662,2379
E40000009,North East and Yorkshire,nhsRegion,2022-04-13,120383,2431
E40000009,North East and Yorkshire,nhsRegion,2022-04-12,120072,2621
E40000009,North East and Yorkshire,nhsRegion,2022-04-11,119701,2643
E40000009,North East and Yorkshire,nhsRegion,2022-04-10,119378,2556
E40000009,North East and Yorkshire,nhsRegion,2022-04-09,119080,2580
E40000009,North East and Yorkshire,nhsRegion,2022-04-08,118817,2682
E40000009,North East and Yorkshire,nhsRegion,2022-04-07,118561,2731
E40000009,North East and Yorkshire,nhsRegion,2022-04-06,118229,2797
E40000009,North East and Yorkshire,nhsRegion,2022-04-05,117898,2777
E40000009,North East and Yorkshire,nhsRegion,2022-04-04,117530,2783
E40000009,North East and Yorkshire,nhsRegion,2022-04-03,117196,2679
E40000009,North East and Yorkshire,nhsRegion,2022-04-02,116863,2656
E40000009,North East and Yorkshire,nhsRegion,2022-04-01,116536,2634
E40000009,North East and Yorkshire,nhsRegion,2022-03-31,116217,2612
E40000009,North East and Yorkshire,nhsRegion,2022-03-30,115822,2561
E40000009,North East and Yorkshire,nhsRegion,2022-03-29,115431,2482
E40000009,North East and Yorkshire,nhsRegion,2022-03-28,115047,2452
E40000009,North East and Yorkshire,nhsRegion,2022-03-27,114623,2364
E40000009,North East and Yorkshire,nhsRegion,2022-03-26,114276,2275
E40000009,North East and Yorkshire,nhsRegion,2022-03-25,114002,2152
E40000009,North East and Yorkshire,nhsRegion,2022-03-24,113673,2139
E40000009,North East and Yorkshire,nhsRegion,2022-03-23,113356,2073
E40000009,North East and Yorkshire,nhsRegion,2022-03-22,113003,2028
E40000009,North East and Yorkshire,nhsRegion,2022-03-21,112700,1964
E40000009,North East and Yorkshire,nhsRegion,2022-03-20,112341,1869
E40000009,North East and Yorkshire,nhsRegion,2022-03-19,112041,1783
E40000009,North East and Yorkshire,nhsRegion,2022-03-18,111783,1735
E40000009,North East and Yorkshire,nhsRegion,2022-03-17,111530,1703
E40000009,North East and Yorkshire,nhsRegion,2022-03-16,111304,1664
E40000009,North East and Yorkshire,nhsRegion,2022-03-15,111038,1614
E40000009,North East and Yorkshire,nhsRegion,2022-03-14,110777,1580
E40000009,North East and Yorkshire,nhsRegion,2022-03-13,110517,1482
E40000009,North East and Yorkshire,nhsRegion,2022-03-12,110268,1443
E40000009,North East and Yorkshire,nhsRegion,2022-03-11,110061,1390
E40000009,North East and Yorkshire,nhsRegion,2022-03-10,109834,1373
E40000009,North East and Yorkshire,nhsRegion,2022-03-09,109616,1394
E40000009,North East and Yorkshire,nhsRegion,2022-03-08,109415,1424
E40000009,North East and Yorkshire,nhsRegion,2022-03-07,109224,1370
E40000009,North East and Yorkshire,nhsRegion,2022-03-06,109079,1345
E40000009,North East and Yorkshire,nhsRegion,2022-03-05,108932,1342
E40000009,North East and Yorkshire,nhsRegion,2022-03-04,108801,1297
E40000009,North East and Yorkshire,nhsRegion,2022-03-03,108672,1129
E40000009,North East and Yorkshire,nhsRegion,2022-03-02,108507,1294
E40000009,North East and Yorkshire,nhsRegion,2022-03-01,108350,1297
E40000009,North East and Yorkshire,nhsRegion,2022-02-28,108202,1314
E40000009,North East and Yorkshire,nhsRegion,2022-02-27,108009,1308
E40000009,North East and Yorkshire,nhsRegion,2022-02-26,107883,1281
E40000009,North East and Yorkshire,nhsRegion,2022-02-25,107742,1286
E40000009,North East and Yorkshire,nhsRegion,2022-02-24,107597,1344
E40000009,North East and Yorkshire,nhsRegion,2022-02-23,107449,1361
E40000009,North East and Yorkshire,nhsRegion,2022-02-22,107324,1398
E40000009,North East and Yorkshire,nhsRegion,2022-02-21,107170,1416
E40000009,North East and Yorkshire,nhsRegion,2022-02-20,107024,1413
E40000009,North East and Yorkshire,nhsRegion,2022-02-19,106882,1505
E40000009,North East and Yorkshire,nhsRegion,2022-02-18,106768,1450
E40000009,North East and Yorkshire,nhsRegion,2022-02-17,106614,1488
E40000009,North East and Yorkshire,nhsRegion,2022-02-16,106470,1509
E40000009,North East and Yorkshire,nhsRegion,2022-02-15,106282,1512
E40000009,North East and Yorkshire,nhsRegion,2022-02-14,106079,1585
E40000009,North East and Yorkshire,nhsRegion,2022-02-13,105909,1576
E40000009,North East and Yorkshire,nhsRegion,2022-02-12,105751,1597
E40000009,North East and Yorkshire,nhsRegion,2022-02-11,105582,1671
E40000009,North East and Yorkshire,nhsRegion,2022-02-10,105445,1729
E40000009,North East and Yorkshire,nhsRegion,2022-02-09,105258,1757
E40000009,North East and Yorkshire,nhsRegion,2022-02-08,105034,1811
E40000009,North East and Yorkshire,nhsRegion,2022-02-07,104796,1961
E40000009,North East and Yorkshire,nhsRegion,2022-02-06,104593,1915
E40000009,North East and Yorkshire,nhsRegion,2022-02-05,104401,1979
E40000009,North East and Yorkshire,nhsRegion,2022-02-04,104220,2058
E40000009,North East and Yorkshire,nhsRegion,2022-02-03,104024,2139
E40000009,North East and Yorkshire,nhsRegion,2022-02-02,103799,2122
E40000009,North East and Yorkshire,nhsRegion,2022-02-01,103539,2238
E40000009,North East and Yorkshire,nhsRegion,2022-01-31,103288,2370
E40000009,North East and Yorkshire,nhsRegion,2022-01-30,103024,2348
E40000009,North East and Yorkshire,nhsRegion,2022-01-29,102769,2341
E40000009,North East and Yorkshire,nhsRegion,2022-01-28,102522,2385
E40000009,North East and Yorkshire,nhsRegion,2022-01-27,102263,2430
E40000009,North East and Yorkshire,nhsRegion,2022-01-26,101967,2514
E40000009,North East and Yorkshire,nhsRegion,2022-01-25,101611,2571
E40000009,North East and Yorkshire,nhsRegion,2022-01-24,101292,2640
E40000009,North East and Yorkshire,nhsRegion,2022-01-23,100990,2565
E40000009,North East and Yorkshire,nhsRegion,2022-01-22,100688,2608
E40000009,North East and Yorkshire,nhsRegion,2022-01-21,100421,2709
E40000009,North East and Yorkshire,nhsRegion,2022-01-20,100139,2796
E40000009,North East and Yorkshire,nhsRegion,2022-01-19,99807,2799
E40000009,North East and Yorkshire,nhsRegion,2022-01-18,99467,2938
E40000009,North East and Yorkshire,nhsRegion,2022-01-17,99065,2957
E40000009,North East and Yorkshire,nhsRegion,2022-01-16,98692,2937
E40000009,North East and Yorkshire,nhsRegion,2022-01-15,98346,2859
E40000009,North East and Yorkshire,nhsRegion,2022-01-14,98011,2857
E40000009,North East and Yorkshire,nhsRegion,2022-01-13,97686,2835
E40000009,North East and Yorkshire,nhsRegion,2022-01-12,97291,2826
E40000009,North East and Yorkshire,nhsRegion,2022-01-11,96906,2792
E40000009,North East and Yorkshire,nhsRegion,2022-01-10,96505,2758
E40000009,North East and Yorkshire,nhsRegion,2022-01-09,96049,2612
E40000009,North East and Yorkshire,nhsRegion,2022-01-08,95684,2485
E40000009,North East and Yorkshire,nhsRegion,2022-01-07,95312,2419
E40000009,North East and Yorkshire,nhsRegion,2022-01-06,94981,2417
E40000009,North East and Yorkshire,nhsRegion,2022-01-05,94560,2267
E40000009,North East and Yorkshire,nhsRegion,2022-01-04,94191,2146
E40000009,North East and Yorkshire,nhsRegion,2022-01-03,93773,1975
E40000009,North East and Yorkshire,nhsRegion,2022-01-02,93399,1854
E40000009,North East and Yorkshire,nhsRegion,2022-01-01,93083,1693
E40000009,North East and Yorkshire,nhsRegion,2021-12-31,92794,1644
E40000009,North East and Yorkshire,nhsRegion,2021-12-30,92458,1460
E40000009,North East and Yorkshire,nhsRegion,2021-12-29,92149,1226
E40000009,North East and Yorkshire,nhsRegion,2021-12-28,91786,1077
E40000009,North East and Yorkshire,nhsRegion,2021-12-27,91402,889
E40000009,North East and Yorkshire,nhsRegion,2021-12-26,91158,847
E40000009,North East and Yorkshire,nhsRegion,2021-12-25,91001,796
E40000009,North East and Yorkshire,nhsRegion,2021-12-24,90855,853
E40000009,North East and Yorkshire,nhsRegion,2021-12-23,90711,814
E40000009,North East and Yorkshire,nhsRegion,2021-12-22,90551,854
E40000009,North East and Yorkshire,nhsRegion,2021-12-21,90422,844
E40000009,North East and Yorkshire,nhsRegion,2021-12-20,90308,847
E40000009,North East and Yorkshire,nhsRegion,2021-12-19,90170,825
E40000009,North East and Yorkshire,nhsRegion,2021-12-18,90061,833
E40000009,North East and Yorkshire,nhsRegion,2021-12-17,89977,828
E40000009,North East and Yorkshire,nhsRegion,2021-12-16,89897,875
E40000009,North East and Yorkshire,nhsRegion,2021-12-15,89814,865
E40000009,North East and Yorkshire,nhsRegion,2021-12-14,89706,880
E40000009,North East and Yorkshire,nhsRegion,2021-12-13,89594,906
E40000009,North East and Yorkshire,nhsRegion,2021-12-12,89480,880
E40000009,North East and Yorkshire,nhsRegion,2021-12-11,89401,884
E40000009,North East and Yorkshire,nhsRegion,2021-12-10,89309,890
E40000009,North East and Yorkshire,nhsRegion,2021-12-09,89218,923
E40000009,North East and Yorkshire,nhsRegion,2021-12-08,89114,927
E40000009,North East and Yorkshire,nhsRegion,2021-12-07,89012,937
E40000009,North East and Yorkshire,nhsRegion,2021-12-06,88907,954
E40000009,North East and Yorkshire,nhsRegion,2021-12-05,88807,933
E40000009,North East and Yorkshire,nhsRegion,2021-12-04,88710,933
E40000009,North East and Yorkshire,nhsRegion,2021-12-03,88630,947
E40000009,North East and Yorkshire,nhsRegion,2021-12-02,88541,1001
E40000009,North East and Yorkshire,nhsRegion,2021-12-01,88444,969
E40000009,North East and Yorkshire,nhsRegion,2021-11-30,88348,1091
E40000009,North East and Yorkshire,nhsRegion,2021-11-29,88244,1059
E40000009,North East and Yorkshire,nhsRegion,2021-11-28,88144,1062
E40000009,North East and Yorkshire,nhsRegion,2021-11-27,88055,1048
E40000009,North East and Yorkshire,nhsRegion,2021-11-26,87957,1067
E40000009,North East and Yorkshire,nhsRegion,2021-11-25,87874,1108
E40000009,North East and Yorkshire,nhsRegion,2021-11-24,87779,1103
E40000009,North East and Yorkshire,nhsRegion,2021-11-23,87661,1162
E40000009,North East and Yorkshire,nhsRegion,2021-11-22,87548,1206
E40000009,North East and Yorkshire,nhsRegion,2021-11-21,87459,1186
E40000009,North East and Yorkshire,nhsRegion,2021-11-20,87332,1163
E40000009,North East and Yorkshire,nhsRegion,2021-11-19,87216,1199
E40000009,North East and Yorkshire,nhsRegion,2021-11-18,87105,1202
E40000009,North East and Yorkshire,nhsRegion,2021-11-17,86979,1233
E40000009,North East and Yorkshire,nhsRegion,2021-11-16,86868,1291
E40000009,North East and Yorkshire,nhsRegion,2021-11-15,86748,1338
E40000009,North East and Yorkshire,nhsRegion,2021-11-14,86631,1300
E40000009,North East and Yorkshire,nhsRegion,2021-11-13,86506,1284
E40000009,North East and Yorkshire,nhsRegion,2021-11-12,86382,1295
E40000009,North East and Yorkshire,nhsRegion,2021-11-11,86238,1341
E40000009,North East and Yorkshire,nhsRegion,2021-11-10,86103,1342
E40000009,North East and Yorkshire,nhsRegion,2021-11-09,85955,1373
E40000009,North East and Yorkshire,nhsRegion,2021-11-08,85803,1336
E40000009,North East and Yorkshire,nhsRegion,2021-11-07,85648,1321
E40000009,North East and Yorkshire,nhsRegion,2021-11-06,85524,1320
E40000009,North East and Yorkshire,nhsRegion,2021-11-05,85392,1412
E40000009,North East and Yorkshire,nhsRegion,2021-11-04,85265,1437
E40000009,North East and Yorkshire,nhsRegion,2021-11-03,85143,1491
E40000009,North East and Yorkshire,nhsRegion,2021-11-02,85008,1558
E40000009,North East and Yorkshire,nhsRegion,2021-11-01,84841,1549
E40000009,North East and Yorkshire,nhsRegion,2021-10-31,84675,1543
E40000009,North East and Yorkshire,nhsRegion,2021-10-30,84492,1503
E40000009,North East and Yorkshire,nhsRegion,2021-10-29,84363,1484
E40000009,North East and Yorkshire,nhsRegion,2021-10-28,84191,1439
E40000009,North East and Yorkshire,nhsRegion,2021-10-27,84012,1399
E40000009,North East and Yorkshire,nhsRegion,2021-10-26,83786,1381
E40000009,North East and Yorkshire,nhsRegion,2021-10-25,83589,1340
E40000009,North East and Yorkshire,nhsRegion,2021-10-24,83425,1293
E40000009,North East and Yorkshire,nhsRegion,2021-10-23,83252,1313
E40000009,North East and Yorkshire,nhsRegion,2021-10-22,83098,1318
E40000009,North East and Yorkshire,nhsRegion,2021-10-21,82961,1302
E40000009,North East and Yorkshire,nhsRegion,2021-10-20,82781,1312
E40000009,North East and Yorkshire,nhsRegion,2021-10-19,82587,1275
E40000009,North East and Yorkshire,nhsRegion,2021-10-18,82421,1259
E40000009,North East and Yorkshire,nhsRegion,2021-10-17,82198,1188
E40000009,North East and Yorkshire,nhsRegion,2021-10-16,82037,1156
E40000009,North East and Yorkshire,nhsRegion,2021-10-15,81886,1156
E40000009,North East and Yorkshire,nhsRegion,2021-10-14,81743,1153
E40000009,North East and Yorkshire,nhsRegion,2021-10-13,81583,1141
E40000009,North East and Yorkshire,nhsRegion,2021-10-12,81408,1166
E40000009,North East and Yorkshire,nhsRegion,2021-10-11,81242,1169
E40000009,North East and Yorkshire,nhsRegion,2021-10-10,81111,1148
E40000009,North East and Yorkshire,nhsRegion,2021-10-09,80981,1101
E40000009,North East and Yorkshire,nhsRegion,2021-10-08,80835,1115
E40000009,North East and Yorkshire,nhsRegion,2021-10-07,80691,1140
E40000009,North East and Yorkshire,nhsRegion,2021-10-06,80558,1112
E40000009,North East and Yorkshire,nhsRegion,2021-10-05,80417,1093
E40000009,North East and Yorkshire,nhsRegion,2021-10-04,80251,1059
E40000009,North East and Yorkshire,nhsRegion,2021-10-03,80122,1055
E40000009,North East and Yorkshire,nhsRegion,2021-10-02,79981,1013
E40000009,North East and Yorkshire,nhsRegion,2021-10-01,79851,1023
E40000009,North East and Yorkshire,nhsRegion,2021-09-30,79754,1055
E40000009,North East and Yorkshire,nhsRegion,2021-09-29,79629,1055
E40000009,North East and Yorkshire,nhsRegion,2021-09-28,79486,1087
E40000009,North East and Yorkshire,nhsRegion,2021-09-27,79336,1129
E40000009,North East and Yorkshire,nhsRegion,2021-09-26,79210,1063
E40000009,North East and Yorkshire,nhsRegion,2021-09-25,79081,1161
E40000009,North East and Yorkshire,nhsRegion,2021-09-24,78951,1003
E40000009,North East and Yorkshire,nhsRegion,2021-09-23,78814,1075
E40000009,North East and Yorkshire,nhsRegion,2021-09-22,78689,1120
E40000009,North East and Yorkshire,nhsRegion,2021-09-21,78563,1129
E40000009,North East and Yorkshire,nhsRegion,2021-09-20,78440,1156
E40000009,North East and Yorkshire,nhsRegion,2021-09-19,78301,1147
E40000009,North East and Yorkshire,nhsRegion,2021-09-18,78155,1130
E40000009,North East and Yorkshire,nhsRegion,2021-09-17,78023,1146
E40000009,North East and Yorkshire,nhsRegion,2021-09-16,77903,1163
E40000009,North East and Yorkshire,nhsRegion,2021-09-15,77761,1279
E40000009,North East and Yorkshire,nhsRegion,2021-09-14,77614,1201
E40000009,North East and Yorkshire,nhsRegion,2021-09-13,77462,1221
E40000009,North East and Yorkshire,nhsRegion,2021-09-12,77300,1206
E40000009,North East and Yorkshire,nhsRegion,2021-09-11,77160,1186
E40000009,North East and Yorkshire,nhsRegion,2021-09-10,77012,1200
E40000009,North East and Yorkshire,nhsRegion,2021-09-09,76865,1210
E40000009,North East and Yorkshire,nhsRegion,2021-09-08,76715,1189
E40000009,North East and Yorkshire,nhsRegion,2021-09-07,76559,1195
E40000009,North East and Yorkshire,nhsRegion,2021-09-06,76396,1213
E40000009,North East and Yorkshire,nhsRegion,2021-09-05,76239,1163
E40000009,North East and Yorkshire,nhsRegion,2021-09-04,76081,1127
E40000009,North East and Yorkshire,nhsRegion,2021-09-03,75889,1139
E40000009,North East and Yorkshire,nhsRegion,2021-09-02,75733,1136
E40000009,North East and Yorkshire,nhsRegion,2021-09-01,75593,1154
E40000009,North East and Yorkshire,nhsRegion,2021-08-31,75433,1158
E40000009,North East and Yorkshire,nhsRegion,2021-08-30,75274,1104
E40000009,North East and Yorkshire,nhsRegion,2021-08-29,75122,1078
E40000009,North East and Yorkshire,nhsRegion,2021-08-28,74996,1076
E40000009,North East and Yorkshire,nhsRegion,2021-08-27,74862,1090
E40000009,North East and Yorkshire,nhsRegion,2021-08-26,74723,1108
E40000009,North East and Yorkshire,nhsRegion,2021-08-25,74564,1111
E40000009,North East and Yorkshire,nhsRegion,2021-08-24,74406,1131
E40000009,North East and Yorkshire,nhsRegion,2021-08-23,74257,1135
E40000009,North East and Yorkshire,nhsRegion,2021-08-22,74087,1100
E40000009,North East and Yorkshire,nhsRegion,2021-08-21,73941,1064
E40000009,North East and Yorkshire,nhsRegion,2021-08-20,73786,1047
E40000009,North East and Yorkshire,nhsRegion,2021-08-19,73627,1067
E40000009,North East and Yorkshire,nhsRegion,2021-08-18,73451,1082
E40000009,North East and Yorkshire,nhsRegion,2021-08-17,73313,1090
E40000009,North East and Yorkshire,nhsRegion,2021-08-16,73147,1088
E40000009,North East and Yorkshire,nhsRegion,2021-08-15,73003,971
E40000009,North East and Yorkshire,nhsRegion,2021-08-14,72845,954
E40000009,North East and Yorkshire,nhsRegion,2021-08-13,72694,1027
E40000009,North East and Yorkshire,nhsRegion,2021-08-12,72570,1040
E40000009,North East and Yorkshire,nhsRegion,2021-08-11,72431,1048
E40000009,North East and Yorkshire,nhsRegion,2021-08-10,72263,1027
E40000009,North East and Yorkshire,nhsRegion,2021-08-09,72072,1063
E40000009,North East and Yorkshire,nhsRegion,2021-08-08,71919,1029
E40000009,North East and Yorkshire,nhsRegion,2021-08-07,71775,1011
E40000009,North East and Yorkshire,nhsRegion,2021-08-06,71619,1020
E40000009,North East and Yorkshire,nhsRegion,2021-08-05,71485,1065
E40000009,North East and Yorkshire,nhsRegion,2021-08-04,71329,1055
E40000009,North East and Yorkshire,nhsRegion,2021-08-03,71161,1097
E40000009,North East and Yorkshire,nhsRegion,2021-08-02,70983,1146
E40000009,North East and Yorkshire,nhsRegion,2021-08-01,70839,1117
E40000009,North East and Yorkshire,nhsRegion,2021-07-31,70707,1112
E40000009,North East and Yorkshire,nhsRegion,2021-07-30,70558,1111
E40000009,North East and Yorkshire,nhsRegion,2021-07-29,70433,1134
E40000009,North East and Yorkshire,nhsRegion,2021-07-28,70279,1137
E40000009,North East and Yorkshire,nhsRegion,2021-07-27,70109,1168
E40000009,North East and Yorkshire,nhsRegion,2021-07-26,69897,1152
E40000009,North East and Yorkshire,nhsRegion,2021-07-25,69719,1069
E40000009,North East and Yorkshire,nhsRegion,2021-07-24,69499,1050
E40000009,North East and Yorkshire,nhsRegion,2021-07-23,69338,1026
E40000009,North East and Yorkshire,nhsRegion,2021-07-22,69150,943
E40000009,North East and Yorkshire,nhsRegion,2021-07-21,68945,927
E40000009,North East and Yorkshire,nhsRegion,2021-07-20,68730,884
E40000009,North East and Yorkshire,nhsRegion,2021-07-19,68525,850
E40000009,North East and Yorkshire,nhsRegion,2021-07-18,68328,815
E40000009,North East and Yorkshire,nhsRegion,2021-07-17,68164,771
E40000009,North East and Yorkshire,nhsRegion,2021-07-16,68023,732
E40000009,North East and Yorkshire,nhsRegion,2021-07-15,67866,704
E40000009,North East and Yorkshire,nhsRegion,2021-07-14,67712,657
E40000009,North East and Yorkshire,nhsRegion,2021-07-13,67529,643
E40000009,North East and Yorkshire,nhsRegion,2021-07-12,67379,592
E40000009,North East and Yorkshire,nhsRegion,2021-07-11,67237,543
E40000009,North East and Yorkshire,nhsRegion,2021-07-10,67110,511
E40000009,North East and Yorkshire,nhsRegion,2021-07-09,67007,473
E40000009,North East and Yorkshire,nhsRegion,2021-07-08,66894,442
E40000009,North East and Yorkshire,nhsRegion,2021-07-07,66773,420
E40000009,North East and Yorkshire,nhsRegion,2021-07-06,66662,376
E40000009,North East and Yorkshire,nhsRegion,2021-07-05,66555,322
E40000009,North East and Yorkshire,nhsRegion,2021-07-04,66460,286
E40000009,North East and Yorkshire,nhsRegion,2021-07-03,66358,262
E40000009,North East and Yorkshire,nhsRegion,2021-07-02,66276,252
E40000009,North East and Yorkshire,nhsRegion,2021-07-01,66221,254
E40000009,North East and Yorkshire,nhsRegion,2021-06-30,66168,222
E40000009,North East and Yorkshire,nhsRegion,2021-06-29,66104,215
E40000009,North East and Yorkshire,nhsRegion,2021-06-28,66034,217
E40000009,North East and Yorkshire,nhsRegion,2021-06-27,65994,196
E40000009,North East and Yorkshire,nhsRegion,2021-06-26,65946,185
E40000009,North East and Yorkshire,nhsRegion,2021-06-25,65890,183
E40000009,North East and Yorkshire,nhsRegion,2021-06-24,65854,182
E40000009,North East and Yorkshire,nhsRegion,2021-06-23,65816,177
E40000009,North East and Yorkshire,nhsRegion,2021-06-22,65774,187
E40000009,North East and Yorkshire,nhsRegion,2021-06-21,65734,175
E40000009,North East and Yorkshire,nhsRegion,2021-06-20,65698,185
E40000009,North East and Yorkshire,nhsRegion,2021-06-19,65663,163
E40000009,North East and Yorkshire,nhsRegion,2021-06-18,65635,149
E40000009,North East and Yorkshire,nhsRegion,2021-06-17,65596,129
E40000009,North East and Yorkshire,nhsRegion,2021-06-16,65556,124
E40000009,North East and Yorkshire,nhsRegion,2021-06-15,65522,126
E40000009,North East and Yorkshire,nhsRegion,2021-06-14,65501,111
E40000009,North East and Yorkshire,nhsRegion,2021-06-13,65476,98
E40000009,North East and Yorkshire,nhsRegion,2021-06-12,65444,106
E40000009,North East and Yorkshire,nhsRegion,2021-06-11,65432,101
E40000009,North East and Yorkshire,nhsRegion,2021-06-10,65412,99
E40000009,North East and Yorkshire,nhsRegion,2021-06-09,65394,99
E40000009,North East and Yorkshire,nhsRegion,2021-06-08,65371,101
E40000009,North East and Yorkshire,nhsRegion,2021-06-07,65353,98
E40000009,North East and Yorkshire,nhsRegion,2021-06-06,65328,84
E40000009,North East and Yorkshire,nhsRegion,2021-06-05,65312,80
E40000009,North East and Yorkshire,nhsRegion,2021-06-04,65305,90
E40000009,North East and Yorkshire,nhsRegion,2021-06-03,65290,96
E40000009,North East and Yorkshire,nhsRegion,2021-06-02,65278,101
E40000009,North East and Yorkshire,nhsRegion,2021-06-01,65265,92
E40000009,North East and Yorkshire,nhsRegion,2021-05-31,65248,98
E40000009,North East and Yorkshire,nhsRegion,2021-05-30,65226,101
E40000009,North East and Yorkshire,nhsRegion,2021-05-29,65214,97
E40000009,North East and Yorkshire,nhsRegion,2021-05-28,65203,96
E40000009,North East and Yorkshire,nhsRegion,2021-05-27,65187,92
E40000009,North East and Yorkshire,nhsRegion,2021-05-26,65176,94
E40000009,North East and Yorkshire,nhsRegion,2021-05-25,65163,98
E40000009,North East and Yorkshire,nhsRegion,2021-05-24,65152,108
E40000009,North East and Yorkshire,nhsRegion,2021-05-23,65137,105
E40000009,North East and Yorkshire,nhsRegion,2021-05-22,65122,94
E40000009,North East and Yorkshire,nhsRegion,2021-05-21,65105,107
E40000009,North East and Yorkshire,nhsRegion,2021-05-20,65091,104
E40000009,North East and Yorkshire,nhsRegion,2021-05-19,65080,112
E40000009,North East and Yorkshire,nhsRegion,2021-05-18,65059,108
E40000009,North East and Yorkshire,nhsRegion,2021-05-17,65052,110
E40000009,North East and Yorkshire,nhsRegion,2021-05-16,65041,116
E40000009,North East and Yorkshire,nhsRegion,2021-05-15,65034,126
E40000009,North East and Yorkshire,nhsRegion,2021-05-14,65024,129
E40000009,North East and Yorkshire,nhsRegion,2021-05-13,65008,132
E40000009,North East and Yorkshire,nhsRegion,2021-05-12,64999,149
E40000009,North East and Yorkshire,nhsRegion,2021-05-11,64974,140
E40000009,North East and Yorkshire,nhsRegion,2021-05-10,64961,146
E40000009,North East and Yorkshire,nhsRegion,2021-05-09,64953,151
E40000009,North East and Yorkshire,nhsRegion,2021-05-08,64942,155
E40000009,North East and Yorkshire,nhsRegion,2021-05-07,64924,160
E40000009,North East and Yorkshire,nhsRegion,2021-05-06,64910,156
E40000009,North East and Yorkshire,nhsRegion,2021-05-05,64884,160
E40000009,North East and Yorkshire,nhsRegion,2021-05-04,64869,171
E40000009,North East and Yorkshire,nhsRegion,2021-05-03,64851,167
E40000009,North East and Yorkshire,nhsRegion,2021-05-02,64830,168
E40000009,North East and Yorkshire,nhsRegion,2021-05-01,64804,167
E40000009,North East and Yorkshire,nhsRegion,2021-04-30,64792,170
E40000009,North East and Yorkshire,nhsRegion,2021-04-29,64772,180
E40000009,North East and Yorkshire,nhsRegion,2021-04-28,64751,194
E40000009,North East and Yorkshire,nhsRegion,2021-04-27,64738,194
E40000009,North East and Yorkshire,nhsRegion,2021-04-26,64712,219
E40000009,North East and Yorkshire,nhsRegion,2021-04-25,64695,213
E40000009,North East and Yorkshire,nhsRegion,2021-04-24,64676,208
E40000009,North East and Yorkshire,nhsRegion,2021-04-23,64655,222
E40000009,North East and Yorkshire,nhsRegion,2021-04-22,64628,243
E40000009,North East and Yorkshire,nhsRegion,2021-04-21,64620,253
E40000009,North East and Yorkshire,nhsRegion,2021-04-20,64602,270
E40000009,North East and Yorkshire,nhsRegion,2021-04-19,64577,295
E40000009,North East and Yorkshire,nhsRegion,2021-04-18,64541,273
E40000009,North East and Yorkshire,nhsRegion,2021-04-17,64521,282
E40000009,North East and Yorkshire,nhsRegion,2021-04-16,64489,314
E40000009,North East and Yorkshire,nhsRegion,2021-04-15,64469,338
E40000009,North East and Yorkshire,nhsRegion,2021-04-14,64444,348
E40000009,North East and Yorkshire,nhsRegion,2021-04-13,64404,366
E40000009,North East and Yorkshire,nhsRegion,2021-04-12,64369,399
E40000009,North East and Yorkshire,nhsRegion,2021-04-11,64332,391
E40000009,North East and Yorkshire,nhsRegion,2021-04-10,64280,435
E40000009,North East and Yorkshire,nhsRegion,2021-04-09,64237,429
E40000009,North East and Yorkshire,nhsRegion,2021-04-08,64196,437
E40000009,North East and Yorkshire,nhsRegion,2021-04-07,64157,454
E40000009,North East and Yorkshire,nhsRegion,2021-04-06,64109,476
E40000009,North East and Yorkshire,nhsRegion,2021-04-05,64067,478
E40000009,North East and Yorkshire,nhsRegion,2021-04-04,64018,473
E40000009,North East and Yorkshire,nhsRegion,2021-04-03,63984,477
E40000009,North East and Yorkshire,nhsRegion,2021-04-02,63942,502
E40000009,North East and Yorkshire,nhsRegion,2021-04-01,63901,498
E40000009,North East and Yorkshire,nhsRegion,2021-03-31,63856,514
E40000009,North East and Yorkshire,nhsRegion,2021-03-30,63794,564
E40000009,North East and Yorkshire,nhsRegion,2021-03-29,63742,608
E40000009,North East and Yorkshire,nhsRegion,2021-03-28,63689,601
E40000009,North East and Yorkshire,nhsRegion,2021-03-27,63646,780
E40000009,North East and Yorkshire,nhsRegion,2021-03-26,63599,625
E40000009,North East and Yorkshire,nhsRegion,2021-03-25,63531,616
E40000009,North East and Yorkshire,nhsRegion,2021-03-24,63463,637
E40000009,North East and Yorkshire,nhsRegion,2021-03-23,63394,675
E40000009,North East and Yorkshire,nhsRegion,2021-03-22,63320,737
E40000009,North East and Yorkshire,nhsRegion,2021-03-21,63263,730
E40000009,North East and Yorkshire,nhsRegion,2021-03-20,63198,754
E40000009,North East and Yorkshire,nhsRegion,2021-03-19,63144,776
E40000009,North East and Yorkshire,nhsRegion,2021-03-18,63093,838
E40000009,North East and Yorkshire,nhsRegion,2021-03-17,63005,862
E40000009,North East and Yorkshire,nhsRegion,2021-03-16,62918,910
E40000009,North East and Yorkshire,nhsRegion,2021-03-15,62836,985
E40000009,North East and Yorkshire,nhsRegion,2021-03-14,62751,993
E40000009,North East and Yorkshire,nhsRegion,2021-03-13,62682,1003
E40000009,North East and Yorkshire,nhsRegion,2021-03-12,62600,1049
E40000009,North East and Yorkshire,nhsRegion,2021-03-11,62516,1077
E40000009,North East and Yorkshire,nhsRegion,2021-03-10,62425,1082
E40000009,North East and Yorkshire,nhsRegion,2021-03-09,62323,1221
E40000009,North East and Yorkshire,nhsRegion,2021-03-08,62220,1265
E40000009,North East and Yorkshire,nhsRegion,2021-03-07,62119,1248
E40000009,North East and Yorkshire,nhsRegion,2021-03-06,62026,1288
E40000009,North East and Yorkshire,nhsRegion,2021-03-05,61918,1380
E40000009,North East and Yorkshire,nhsRegion,2021-03-04,61822,1444
E40000009,North East and Yorkshire,nhsRegion,2021-03-03,61701,1552
E40000009,North East and Yorkshire,nhsRegion,2021-03-02,61561,1629
E40000009,North East and Yorkshire,nhsRegion,2021-03-01,61440,1742
E40000009,North East and Yorkshire,nhsRegion,2021-02-28,61310,1747
E40000009,North East and Yorkshire,nhsRegion,2021-02-27,61178,1736
E40000009,North East and Yorkshire,nhsRegion,2021-02-26,61026,1800
E40000009,North East and Yorkshire,nhsRegion,2021-02-25,60867,1894
E40000009,North East and Yorkshire,nhsRegion,2021-02-24,60695,1947
E40000009,North East and Yorkshire,nhsRegion,2021-02-23,60550,2076
E40000009,North East and Yorkshire,nhsRegion,2021-02-22,60378,2118
E40000009,North East and Yorkshire,nhsRegion,2021-02-21,60184,2163
E40000009,North East and Yorkshire,nhsRegion,2021-02-20,60021,2155
E40000009,North East and Yorkshire,nhsRegion,2021-02-19,59853,2197
E40000009,North East and Yorkshire,nhsRegion,2021-02-18,59686,2305
E40000009,North East and Yorkshire,nhsRegion,2021-02-17,59472,2391
E40000009,North East and Yorkshire,nhsRegion,2021-02-16,59275,2420
E40000009,North East and Yorkshire,nhsRegion,2021-02-15,59053,2536
E40000009,North East and Yorkshire,nhsRegion,2021-02-14,58828,2547
E40000009,North East and Yorkshire,nhsRegion,2021-02-13,58614,2589
E40000009,North East and Yorkshire,nhsRegion,2021-02-12,58415,2723
E40000009,North East and Yorkshire,nhsRegion,2021-02-11,58175,2817
E40000009,North East and Yorkshire,nhsRegion,2021-02-10,57958,2847
E40000009,North East and Yorkshire,nhsRegion,2021-02-09,57716,2978
E40000009,North East and Yorkshire,nhsRegion,2021-02-08,57444,3148
E40000009,North East and Yorkshire,nhsRegion,2021-02-07,57180,3057
E40000009,North East and Yorkshire,nhsRegion,2021-02-06,56930,3066
E40000009,North East and Yorkshire,nhsRegion,2021-02-05,56656,3183
E40000009,North East and Yorkshire,nhsRegion,2021-02-04,56402,3255
E40000009,North East and Yorkshire,nhsRegion,2021-02-03,56101,3330
E40000009,North East and Yorkshire,nhsRegion,2021-02-02,55768,3402
E40000009,North East and Yorkshire,nhsRegion,2021-02-01,55460,3496
E40000009,North East and Yorkshire,nhsRegion,2021-01-31,55126,3506
E40000009,North East and Yorkshire,nhsRegion,2021-01-30,54860,3484
E40000009,North East and Yorkshire,nhsRegion,2021-01-29,54548,3521
E40000009,North East and Yorkshire,nhsRegion,2021-01-28,54194,3593
E40000009,North East and Yorkshire,nhsRegion,2021-01-27,53839,3654
E40000009,North East and Yorkshire,nhsRegion,2021-01-26,53479,3841
E40000009,North East and Yorkshire,nhsRegion,2021-01-25,53099,3891
E40000009,North East and Yorkshire,nhsRegion,2021-01-24,52754,3732
E40000009,North East and Yorkshire,nhsRegion,2021-01-23,52338,3732
E40000009,North East and Yorkshire,nhsRegion,2021-01-22,51978,3793
E40000009,North East and Yorkshire,nhsRegion,2021-01-21,51614,3814
E40000009,North East and Yorkshire,nhsRegion,2021-01-20,51183,3818
E40000009,North East and Yorkshire,nhsRegion,2021-01-19,50711,3830
E40000009,North East and Yorkshire,nhsRegion,2021-01-18,50219,3796
E40000009,North East and Yorkshire,nhsRegion,2021-01-17,49757,3604
E40000009,North East and Yorkshire,nhsRegion,2021-01-16,49312,3567
E40000009,North East and Yorkshire,nhsRegion,2021-01-15,48848,3584
E40000009,North East and Yorkshire,nhsRegion,2021-01-14,48432,3455
E40000009,North East and Yorkshire,nhsRegion,2021-01-13,48016,3476
E40000009,North East and Yorkshire,nhsRegion,2021-01-12,47623,3429
E40000009,North East and Yorkshire,nhsRegion,2021-01-11,47160,3392
E40000009,North East and Yorkshire,nhsRegion,2021-01-10,46694,3228
E40000009,North East and Yorkshire,nhsRegion,2021-01-09,46248,2917
E40000009,North East and Yorkshire,nhsRegion,2021-01-08,45841,3217
E40000009,North East and Yorkshire,nhsRegion,2021-01-07,45471,2923
E40000009,North East and Yorkshire,nhsRegion,2021-01-06,45018,2865
E40000009,North East and Yorkshire,nhsRegion,2021-01-05,44619,2860
E40000009,North East and Yorkshire,nhsRegion,2021-01-04,44241,2828
E40000009,North East and Yorkshire,nhsRegion,2021-01-03,43853,2710
E40000009,North East and Yorkshire,nhsRegion,2021-01-02,43518,2624
E40000009,North East and Yorkshire,nhsRegion,2021-01-01,43206,2532
E40000009,North East and Yorkshire,nhsRegion,2020-12-31,42868,2562
E40000009,North East and Yorkshire,nhsRegion,2020-12-30,42568,2573
E40000009,North East and Yorkshire,nhsRegion,2020-12-29,42257,2528
E40000009,North East and Yorkshire,nhsRegion,2020-12-28,41894,2437
E40000009,North East and Yorkshire,nhsRegion,2020-12-27,41585,2328
E40000009,North East and Yorkshire,nhsRegion,2020-12-26,41287,2257
E40000009,North East and Yorkshire,nhsRegion,2020-12-25,41005,2233
E40000009,North East and Yorkshire,nhsRegion,2020-12-24,40771,2359
E40000009,North East and Yorkshire,nhsRegion,2020-12-23,40579,2457
E40000009,North East and Yorkshire,nhsRegion,2020-12-22,40329,2496
E40000009,North East and Yorkshire,nhsRegion,2020-12-21,40035,2530
E40000009,North East and Yorkshire,nhsRegion,2020-12-20,39763,2464
E40000009,North East and Yorkshire,nhsRegion,2020-12-19,39507,2413
E40000009,North East and Yorkshire,nhsRegion,2020-12-18,39259,2396
E40000009,North East and Yorkshire,nhsRegion,2020-12-17,39029,2494
E40000009,North East and Yorkshire,nhsRegion,2020-12-16,38798,2505
E40000009,North East and Yorkshire,nhsRegion,2020-12-15,38538,2482
E40000009,North East and Yorkshire,nhsRegion,2020-12-14,38267,2483
E40000009,North East and Yorkshire,nhsRegion,2020-12-13,37966,2353
E40000009,North East and Yorkshire,nhsRegion,2020-12-12,37710,2309
E40000009,North East and Yorkshire,nhsRegion,2020-12-11,37461,2386
E40000009,North East and Yorkshire,nhsRegion,2020-12-10,37223,2442
E40000009,North East and Yorkshire,nhsRegion,2020-12-09,37009,2526
E40000009,North East and Yorkshire,nhsRegion,2020-12-08,36761,2566
E40000009,North East and Yorkshire,nhsRegion,2020-12-07,36513,2617
E40000009,North East and Yorkshire,nhsRegion,2020-12-06,36257,2545
E40000009,North East and Yorkshire,nhsRegion,2020-12-05,36031,2498
E40000009,North East and Yorkshire,nhsRegion,2020-12-04,35792,2590
E40000009,North East and Yorkshire,nhsRegion,2020-12-03,35594,2551
E40000009,North East and Yorkshire,nhsRegion,2020-12-02,35348,2732
E40000009,North East and Yorkshire,nhsRegion,2020-12-01,35117,2814
E40000009,North East and Yorkshire,nhsRegion,2020-11-30,34876,2876
E40000009,North East and Yorkshire,nhsRegion,2020-11-29,34634,2862
E40000009,North East and Yorkshire,nhsRegion,2020-11-28,34388,2859
E40000009,North East and Yorkshire,nhsRegion,2020-11-27,34168,2932
E40000009,North East and Yorkshire,nhsRegion,2020-11-26,33932,3030
E40000009,North East and Yorkshire,nhsRegion,2020-11-25,33669,3137
E40000009,North East and Yorkshire,nhsRegion,2020-11-24,33405,3245
E40000009,North East and Yorkshire,nhsRegion,2020-11-23,33130,3437
E40000009,North East and Yorkshire,nhsRegion,2020-11-22,32821,3353
E40000009,North East and Yorkshire,nhsRegion,2020-11-21,32546,3270
E40000009,North East and Yorkshire,nhsRegion,2020-11-20,32266,3297
E40000009,North East and Yorkshire,nhsRegion,2020-11-19,31916,3342
E40000009,North East and Yorkshire,nhsRegion,2020-11-18,31571,3417
E40000009,North East and Yorkshire,nhsRegion,2020-11-17,31209,3472
E40000009,North East and Yorkshire,nhsRegion,2020-11-16,30874,3473
E40000009,North East and Yorkshire,nhsRegion,2020-11-15,30472,3327
E40000009,North East and Yorkshire,nhsRegion,2020-11-14,30096,3109
E40000009,North East and Yorkshire,nhsRegion,2020-11-13,29741,3268
E40000009,North East and Yorkshire,nhsRegion,2020-11-12,29360,3228
E40000009,North East and Yorkshire,nhsRegion,2020-11-11,28998,3141
E40000009,North East and Yorkshire,nhsRegion,2020-11-10,28558,2946
E40000009,North East and Yorkshire,nhsRegion,2020-11-09,28094,3057
E40000009,North East and Yorkshire,nhsRegion,2020-11-08,27687,2934
E40000009,North East and Yorkshire,nhsRegion,2020-11-07,27327,3012
E40000009,North East and Yorkshire,nhsRegion,2020-11-06,26990,2798
E40000009,North East and Yorkshire,nhsRegion,2020-11-05,26666,2802
E40000009,North East and Yorkshire,nhsRegion,2020-11-04,26321,2732
E40000009,North East and Yorkshire,nhsRegion,2020-11-03,25970,2721
E40000009,North East and Yorkshire,nhsRegion,2020-11-02,25608,2624
E40000009,North East and Yorkshire,nhsRegion,2020-11-01,25246,2209
E40000009,North East and Yorkshire,nhsRegion,2020-10-31,24898,2482
E40000009,North East and Yorkshire,nhsRegion,2020-10-30,24573,2299
E40000009,North East and Yorkshire,nhsRegion,2020-10-29,24311,2216
E40000009,North East and Yorkshire,nhsRegion,2020-10-28,23974,2204
E40000009,North East and Yorkshire,nhsRegion,2020-10-27,23617,2116
E40000009,North East and Yorkshire,nhsRegion,2020-10-26,23316,2004
E40000009,North East and Yorkshire,nhsRegion,2020-10-25,22993,1851
E40000009,North East and Yorkshire,nhsRegion,2020-10-24,22673,1730
E40000009,North East and Yorkshire,nhsRegion,2020-10-23,22396,1638
E40000009,North East and Yorkshire,nhsRegion,2020-10-22,22142,1574
E40000009,North East and Yorkshire,nhsRegion,2020-10-21,21900,1496
E40000009,North East and Yorkshire,nhsRegion,2020-10-20,21629,1436
E40000009,North East and Yorkshire,nhsRegion,2020-10-19,21355,1362
E40000009,North East and Yorkshire,nhsRegion,2020-10-18,21133,1269
E40000009,North East and Yorkshire,nhsRegion,2020-10-17,20914,1200
E40000009,North East and Yorkshire,nhsRegion,2020-10-16,20704,1169
E40000009,North East and Yorkshire,nhsRegion,2020-10-15,20545,1147
E40000009,North East and Yorkshire,nhsRegion,2020-10-14,20361,1092
E40000009,North East and Yorkshire,nhsRegion,2020-10-13,20194,1054
E40000009,North East and Yorkshire,nhsRegion,2020-10-12,20011,1025
E40000009,North East and Yorkshire,nhsRegion,2020-10-11,19838,940
E40000009,North East and Yorkshire,nhsRegion,2020-10-10,19658,874
E40000009,North East and Yorkshire,nhsRegion,2020-10-09,19513,804
E40000009,North East and Yorkshire,nhsRegion,2020-10-08,19367,836
E40000009,North East and Yorkshire,nhsRegion,2020-10-07,19242,790
E40000009,North East and Yorkshire,nhsRegion,2020-10-06,19102,741
E40000009,North East and Yorkshire,nhsRegion,2020-10-05,18941,673
E40000009,North East and Yorkshire,nhsRegion,2020-10-04,18818,586
E40000009,North East and Yorkshire,nhsRegion,2020-10-03,18692,584
E40000009,North East and Yorkshire,nhsRegion,2020-10-02,18575,544
E40000009,North East and Yorkshire,nhsRegion,2020-10-01,18475,502
E40000009,North East and Yorkshire,nhsRegion,2020-09-30,18387,474
E40000009,North East and Yorkshire,nhsRegion,2020-09-29,18293,429
E40000009,North East and Yorkshire,nhsRegion,2020-09-28,18189,444
E40000009,North East and Yorkshire,nhsRegion,2020-09-27,18107,420
E40000009,North East and Yorkshire,nhsRegion,2020-09-26,18035,393
E40000009,North East and Yorkshire,nhsRegion,2020-09-25,17967,379
E40000009,North East and Yorkshire,nhsRegion,2020-09-24,17903,337
E40000009,North East and Yorkshire,nhsRegion,2020-09-23,17838,313
E40000009,North East and Yorkshire,nhsRegion,2020-09-22,17749,303
E40000009,North East and Yorkshire,nhsRegion,2020-09-21,17691,285
E40000009,North East and Yorkshire,nhsRegion,2020-09-20,17611,254
E40000009,North East and Yorkshire,nhsRegion,2020-09-19,17544,226
E40000009,North East and Yorkshire,nhsRegion,2020-09-18,17494,214
E40000009,North East and Yorkshire,nhsRegion,2020-09-17,17430,208
E40000009,North East and Yorkshire,nhsRegion,2020-09-16,17371,188
E40000009,North East and Yorkshire,nhsRegion,2020-09-15,17330,155
E40000009,North East and Yorkshire,nhsRegion,2020-09-14,17281,155
E40000009,North East and Yorkshire,nhsRegion,2020-09-13,17243,143
E40000009,North East and Yorkshire,nhsRegion,2020-09-12,17214,130
E40000009,North East and Yorkshire,nhsRegion,2020-09-11,17182,117
E40000009,North East and Yorkshire,nhsRegion,2020-09-10,17152,95
E40000009,North East and Yorkshire,nhsRegion,2020-09-09,17123,92
E40000009,North East and Yorkshire,nhsRegion,2020-09-08,17089,84
E40000009,North East and Yorkshire,nhsRegion,2020-09-07,17064,100
E40000009,North East and Yorkshire,nhsRegion,2020-09-06,17047,90
E40000009,North East and Yorkshire,nhsRegion,2020-09-05,17037,89
E40000009,North East and Yorkshire,nhsRegion,2020-09-04,17028,89
E40000009,North East and Yorkshire,nhsRegion,2020-09-03,17015,86
E40000009,North East and Yorkshire,nhsRegion,2020-09-02,17005,84
E40000009,North East and Yorkshire,nhsRegion,2020-09-01,16996,81
E40000009,North East and Yorkshire,nhsRegion,2020-08-31,16982,82
E40000009,North East and Yorkshire,nhsRegion,2020-08-30,16971,82
E40000009,North East and Yorkshire,nhsRegion,2020-08-29,16962,84
E40000009,North East and Yorkshire,nhsRegion,2020-08-28,16955,80
E40000009,North East and Yorkshire,nhsRegion,2020-08-27,16948,83
E40000009,North East and Yorkshire,nhsRegion,2020-08-26,16937,79
E40000009,North East and Yorkshire,nhsRegion,2020-08-25,16925,79
E40000009,North East and Yorkshire,nhsRegion,2020-08-24,16913,83
E40000009,North East and Yorkshire,nhsRegion,2020-08-23,16905,82
E40000009,North East and Yorkshire,nhsRegion,2020-08-22,16898,154
E40000009,North East and Yorkshire,nhsRegion,2020-08-21,16894,82
E40000009,North East and Yorkshire,nhsRegion,2020-08-20,16884,82
E40000009,North East and Yorkshire,nhsRegion,2020-08-19,16874,88
E40000009,North East and Yorkshire,nhsRegion,2020-08-18,16869,90
E40000009,North East and Yorkshire,nhsRegion,2020-08-17,16859,99
E40000009,North East and Yorkshire,nhsRegion,2020-08-16,16851,102
E40000009,North East and Yorkshire,nhsRegion,2020-08-15,16844,102
E40000009,North East and Yorkshire,nhsRegion,2020-08-14,16836,108
E40000009,North East and Yorkshire,nhsRegion,2020-08-13,16828,114
E40000009,North East and Yorkshire,nhsRegion,2020-08-12,16822,108
E40000009,North East and Yorkshire,nhsRegion,2020-08-11,16809,114
E40000009,North East and Yorkshire,nhsRegion,2020-08-10,16795,121
E40000009,North East and Yorkshire,nhsRegion,2020-08-09,16785,117
E40000009,North East and Yorkshire,nhsRegion,2020-08-08,16771,117
E40000009,North East and Yorkshire,nhsRegion,2020-08-07,16763,111
E40000009,North East and Yorkshire,nhsRegion,2020-08-06,16752,132
E40000009,North East and Yorkshire,nhsRegion,2020-08-05,16737,128
E40000009,North East and Yorkshire,nhsRegion,2020-08-04,16731,123
E40000009,North East and Yorkshire,nhsRegion,2020-08-03,16715,115
E40000009,North East and Yorkshire,nhsRegion,2020-08-02,16690,120
E40000009,North East and Yorkshire,nhsRegion,2020-08-01,16676,117
E40000009,North East and Yorkshire,nhsRegion,2020-07-31,16667,117
E40000009,North East and Yorkshire,nhsRegion,2020-07-30,16656,122
E40000009,North East and Yorkshire,nhsRegion,2020-07-29,16640,127
E40000009,North East and Yorkshire,nhsRegion,2020-07-28,16634,127
E40000009,North East and Yorkshire,nhsRegion,2020-07-27,16626,128
E40000009,North East and Yorkshire,nhsRegion,2020-07-26,16611,126
E40000009,North East and Yorkshire,nhsRegion,2020-07-25,16600,172
E40000009,North East and Yorkshire,nhsRegion,2020-07-24,16591,136
E40000009,North East and Yorkshire,nhsRegion,2020-07-23,16576,171
E40000009,North East and Yorkshire,nhsRegion,2020-07-22,16568,167
E40000009,North East and Yorkshire,nhsRegion,2020-07-21,16559,166
E40000009,North East and Yorkshire,nhsRegion,2020-07-20,16553,209
E40000009,North East and Yorkshire,nhsRegion,2020-07-19,16547,245
E40000009,North East and Yorkshire,nhsRegion,2020-07-18,16527,250
E40000009,North East and Yorkshire,nhsRegion,2020-07-17,16522,237
E40000009,North East and Yorkshire,nhsRegion,2020-07-16,16507,255
E40000009,North East and Yorkshire,nhsRegion,2020-07-15,16488,257
E40000009,North East and Yorkshire,nhsRegion,2020-07-14,16468,272
E40000009,North East and Yorkshire,nhsRegion,2020-07-13,16443,289
E40000009,North East and Yorkshire,nhsRegion,2020-07-12,16416,303
E40000009,North East and Yorkshire,nhsRegion,2020-07-11,16403,306
E40000009,North East and Yorkshire,nhsRegion,2020-07-10,16382,305
E40000009,North East and Yorkshire,nhsRegion,2020-07-09,16360,313
E40000009,North East and Yorkshire,nhsRegion,2020-07-08,16338,313
E40000009,North East and Yorkshire,nhsRegion,2020-07-07,16312,329
E40000009,North East and Yorkshire,nhsRegion,2020-07-06,16278,332
E40000009,North East and Yorkshire,nhsRegion,2020-07-05,16252,336
E40000009,North East and Yorkshire,nhsRegion,2020-07-04,16236,365
E40000009,North East and Yorkshire,nhsRegion,2020-07-03,16214,368
E40000009,North East and Yorkshire,nhsRegion,2020-07-02,16188,382
E40000009,North East and Yorkshire,nhsRegion,2020-07-01,16158,381
E40000009,North East and Yorkshire,nhsRegion,2020-06-30,16130,412
E40000009,North East and Yorkshire,nhsRegion,2020-06-29,16097,667
E40000009,North East and Yorkshire,nhsRegion,2020-06-28,16073,451
E40000009,North East and Yorkshire,nhsRegion,2020-06-27,16045,436
E40000009,North East and Yorkshire,nhsRegion,2020-06-26,16013,422
E40000009,North East and Yorkshire,nhsRegion,2020-06-25,15978,457
E40000009,North East and Yorkshire,nhsRegion,2020-06-24,15942,488
E40000009,North East and Yorkshire,nhsRegion,2020-06-23,15912,497
E40000009,North East and Yorkshire,nhsRegion,2020-06-22,15868,520
E40000009,North East and Yorkshire,nhsRegion,2020-06-21,15810,501
E40000009,North East and Yorkshire,nhsRegion,2020-06-20,15787,500
E40000009,North East and Yorkshire,nhsRegion,2020-06-19,15757,526
E40000009,North East and Yorkshire,nhsRegion,2020-06-18,15724,549
E40000009,North East and Yorkshire,nhsRegion,2020-06-17,15672,561
E40000009,North East and Yorkshire,nhsRegion,2020-06-16,15618,601
E40000009,North East and Yorkshire,nhsRegion,2020-06-15,15556,609
E40000009,North East and Yorkshire,nhsRegion,2020-06-14,15507,604
E40000009,North East and Yorkshire,nhsRegion,2020-06-13,15464,618
E40000009,North East and Yorkshire,nhsRegion,2020-06-12,15427,661
E40000009,North East and Yorkshire,nhsRegion,2020-06-11,15382,617
E40000009,North East and Yorkshire,nhsRegion,2020-06-10,15337,707
E40000009,North East and Yorkshire,nhsRegion,2020-06-09,15279,718
E40000009,North East and Yorkshire,nhsRegion,2020-06-08,15218,741
E40000009,North East and Yorkshire,nhsRegion,2020-06-07,15166,732
E40000009,North East and Yorkshire,nhsRegion,2020-06-06,15127,734
E40000009,North East and Yorkshire,nhsRegion,2020-06-05,15081,751
E40000009,North East and Yorkshire,nhsRegion,2020-06-04,15012,811
E40000009,North East and Yorkshire,nhsRegion,2020-06-03,14960,863
E40000009,North East and Yorkshire,nhsRegion,2020-06-02,14907,902
E40000009,North East and Yorkshire,nhsRegion,2020-06-01,14837,916
E40000009,North East and Yorkshire,nhsRegion,2020-05-31,14766,917
E40000009,North East and Yorkshire,nhsRegion,2020-05-30,14688,910
E40000009,North East and Yorkshire,nhsRegion,2020-05-29,14613,951
E40000009,North East and Yorkshire,nhsRegion,2020-05-28,14542,991
E40000009,North East and Yorkshire,nhsRegion,2020-05-27,14468,1017
E40000009,North East and Yorkshire,nhsRegion,2020-05-26,14386,1064
E40000009,North East and Yorkshire,nhsRegion,2020-05-25,14301,1080
E40000009,North East and Yorkshire,nhsRegion,2020-05-24,14234,1051
E40000009,North East and Yorkshire,nhsRegion,2020-05-23,14149,1057
E40000009,North East and Yorkshire,nhsRegion,2020-05-22,14052,1113
E40000009,North East and Yorkshire,nhsRegion,2020-05-21,13967,1144
E40000009,North East and Yorkshire,nhsRegion,2020-05-20,13844,1229
E40000009,North East and Yorkshire,nhsRegion,2020-05-19,13738,1306
E40000009,North East and Yorkshire,nhsRegion,2020-05-18,13639,1336
E40000009,North East and Yorkshire,nhsRegion,2020-05-17,13538,1327
E40000009,North East and Yorkshire,nhsRegion,2020-05-16,13443,1348
E40000009,North East and Yorkshire,nhsRegion,2020-05-15,13348,1464
E40000009,North East and Yorkshire,nhsRegion,2020-05-14,13239,1444
E40000009,North East and Yorkshire,nhsRegion,2020-05-13,13112,1520
E40000009,North East and Yorkshire,nhsRegion,2020-05-12,12956,1551
E40000009,North East and Yorkshire,nhsRegion,2020-05-11,12801,1607
E40000009,North East and Yorkshire,nhsRegion,2020-05-10,12653,1512
E40000009,North East and Yorkshire,nhsRegion,2020-05-09,12514,1593
E40000009,North East and Yorkshire,nhsRegion,2020-05-08,12369,1623
E40000009,North East and Yorkshire,nhsRegion,2020-05-07,12265,1703
E40000009,North East and Yorkshire,nhsRegion,2020-05-06,12094,1787
E40000009,North East and Yorkshire,nhsRegion,2020-05-05,11942,1863
E40000009,North East and Yorkshire,nhsRegion,2020-05-04,11796,1928
E40000009,North East and Yorkshire,nhsRegion,2020-05-03,11616,1945
E40000009,North East and Yorkshire,nhsRegion,2020-05-02,11436,1965
E40000009,North East and Yorkshire,nhsRegion,2020-05-01,11264,1989
E40000009,North East and Yorkshire,nhsRegion,2020-04-30,11107,1985
E40000009,North East and Yorkshire,nhsRegion,2020-04-29,10915,2036
E40000009,North East and Yorkshire,nhsRegion,2020-04-28,10685,2070
E40000009,North East and Yorkshire,nhsRegion,2020-04-27,10459,2104
E40000009,North East and Yorkshire,nhsRegion,2020-04-26,10200,2061
E40000009,North East and Yorkshire,nhsRegion,2020-04-25,9951,2123
E40000009,North East and Yorkshire,nhsRegion,2020-04-24,9753,2132
E40000009,North East and Yorkshire,nhsRegion,2020-04-23,9530,2186
E40000009,North East and Yorkshire,nhsRegion,2020-04-22,9303,2236
E40000009,North East and Yorkshire,nhsRegion,2020-04-21,9056,2322
E40000009,North East and Yorkshire,nhsRegion,2020-04-20,8803,2216
E40000009,North East and Yorkshire,nhsRegion,2020-04-19,8525,2309
E40000009,North East and Yorkshire,nhsRegion,2020-04-18,8258,2327
E40000009,North East and Yorkshire,nhsRegion,2020-04-17,8027,2303
E40000009,North East and Yorkshire,nhsRegion,2020-04-16,7791,2454
E40000009,North East and Yorkshire,nhsRegion,2020-04-15,7516,2500
E40000009,North East and Yorkshire,nhsRegion,2020-04-14,7262,2545
E40000009,North East and Yorkshire,nhsRegion,2020-04-13,6956,2577
E40000009,North East and Yorkshire,nhsRegion,2020-04-12,6651,2541
E40000009,North East and Yorkshire,nhsRegion,2020-04-11,6342,2520
E40000009,North East and Yorkshire,nhsRegion,2020-04-10,6052,2403
E40000009,North East and Yorkshire,nhsRegion,2020-04-09,5733,2661
E40000009,North East and Yorkshire,nhsRegion,2020-04-08,5397,2413
E40000009,North East and Yorkshire,nhsRegion,2020-04-07,5070,2209
E40000009,North East and Yorkshire,nhsRegion,2020-04-06,4624,2129
E40000009,North East and Yorkshire,nhsRegion,2020-04-05,4220,2303
E40000009,North East and Yorkshire,nhsRegion,2020-04-04,3855,2095
E40000009,North East and Yorkshire,nhsRegion,2020-04-03,3561,1841
E40000009,North East and Yorkshire,nhsRegion,2020-04-02,3188,1378
E40000009,North East and Yorkshire,nhsRegion,2020-04-01,2765,1293
E40000009,North East and Yorkshire,nhsRegion,2020-03-31,2258,1124
E40000009,North East and Yorkshire,nhsRegion,2020-03-30,1955,995
E40000009,North East and Yorkshire,nhsRegion,2020-03-29,1615,826
E40000009,North East and Yorkshire,nhsRegion,2020-03-28,1361,701
E40000009,North East and Yorkshire,nhsRegion,2020-03-27,1103,552
E40000009,North East and Yorkshire,nhsRegion,2020-03-26,863,434
E40000009,North East and Yorkshire,nhsRegion,2020-03-25,667,312
E40000009,North East and Yorkshire,nhsRegion,2020-03-24,507,229
E40000009,North East and Yorkshire,nhsRegion,2020-03-23,340,190
E40000009,North East and Yorkshire,nhsRegion,2020-03-22,233,158
E40000009,North East and Yorkshire,nhsRegion,2020-03-21,164,124
E40000009,North East and Yorkshire,nhsRegion,2020-03-20,91,82
E40000009,North East and Yorkshire,nhsRegion,2020-03-19,48,
E40000010,North West,nhsRegion,2022-07-13,,2097
E40000010,North West,nhsRegion,2022-07-12,,2098
E40000010,North West,nhsRegion,2022-07-11,122631,2039
E40000010,North West,nhsRegion,2022-07-10,122366,1961
E40000010,North West,nhsRegion,2022-07-09,122083,1855
E40000010,North West,nhsRegion,2022-07-08,121847,1922
E40000010,North West,nhsRegion,2022-07-07,121553,1834
E40000010,North West,nhsRegion,2022-07-06,121288,1795
E40000010,North West,nhsRegion,2022-07-05,120980,1730
E40000010,North West,nhsRegion,2022-07-04,120661,1720
E40000010,North West,nhsRegion,2022-07-03,120347,1563
E40000010,North West,nhsRegion,2022-07-02,120066,1588
E40000010,North West,nhsRegion,2022-07-01,119876,1548
E40000010,North West,nhsRegion,2022-06-30,119685,1517
E40000010,North West,nhsRegion,2022-06-29,119436,1486
E40000010,North West,nhsRegion,2022-06-28,119191,1376
E40000010,North West,nhsRegion,2022-06-27,118968,1331
E40000010,North West,nhsRegion,2022-06-26,118732,1241
E40000010,North West,nhsRegion,2022-06-25,118512,1181
E40000010,North West,nhsRegion,2022-06-24,118346,1121
E40000010,North West,nhsRegion,2022-06-23,118176,1086
E40000010,North West,nhsRegion,2022-06-22,117981,1039
E40000010,North West,nhsRegion,2022-06-21,117773,1010
E40000010,North West,nhsRegion,2022-06-20,117593,946
E40000010,North West,nhsRegion,2022-06-19,117416,891
E40000010,North West,nhsRegion,2022-06-18,117234,838
E40000010,North West,nhsRegion,2022-06-17,117074,798
E40000010,North West,nhsRegion,2022-06-16,116922,759
E40000010,North West,nhsRegion,2022-06-15,116784,726
E40000010,North West,nhsRegion,2022-06-14,116632,690
E40000010,North West,nhsRegion,2022-06-13,116508,661
E40000010,North West,nhsRegion,2022-06-12,116385,635
E40000010,North West,nhsRegion,2022-06-11,116278,582
E40000010,North West,nhsRegion,2022-06-10,116191,590
E40000010,North West,nhsRegion,2022-06-09,116093,574
E40000010,North West,nhsRegion,2022-06-08,115995,581
E40000010,North West,nhsRegion,2022-06-07,115891,585
E40000010,North West,nhsRegion,2022-06-06,115814,642
E40000010,North West,nhsRegion,2022-06-05,115721,626
E40000010,North West,nhsRegion,2022-06-04,115632,605
E40000010,North West,nhsRegion,2022-06-03,115576,608
E40000010,North West,nhsRegion,2022-06-02,115525,605
E40000010,North West,nhsRegion,2022-06-01,115471,513
E40000010,North West,nhsRegion,2022-05-31,115412,656
E40000010,North West,nhsRegion,2022-05-30,115326,652
E40000010,North West,nhsRegion,2022-05-29,115265,664
E40000010,North West,nhsRegion,2022-05-28,115202,652
E40000010,North West,nhsRegion,2022-05-27,115154,654
E40000010,North West,nhsRegion,2022-05-26,115078,664
E40000010,North West,nhsRegion,2022-05-25,115019,615
E40000010,North West,nhsRegion,2022-05-24,114954,650
E40000010,North West,nhsRegion,2022-05-23,114891,763
E40000010,North West,nhsRegion,2022-05-22,114819,781
E40000010,North West,nhsRegion,2022-05-21,114756,777
E40000010,North West,nhsRegion,2022-05-20,114698,810
E40000010,North West,nhsRegion,2022-05-19,114618,834
E40000010,North West,nhsRegion,2022-05-18,114502,883
E40000010,North West,nhsRegion,2022-05-17,114415,890
E40000010,North West,nhsRegion,2022-05-16,114333,931
E40000010,North West,nhsRegion,2022-05-15,114233,925
E40000010,North West,nhsRegion,2022-05-14,114144,910
E40000010,North West,nhsRegion,2022-05-13,114057,943
E40000010,North West,nhsRegion,2022-05-12,113978,991
E40000010,North West,nhsRegion,2022-05-11,113873,1077
E40000010,North West,nhsRegion,2022-05-10,113782,1128
E40000010,North West,nhsRegion,2022-05-09,113697,1149
E40000010,North West,nhsRegion,2022-05-08,113585,1105
E40000010,North West,nhsRegion,2022-05-07,113459,1119
E40000010,North West,nhsRegion,2022-05-06,113351,1216
E40000010,North West,nhsRegion,2022-05-05,113260,1282
E40000010,North West,nhsRegion,2022-05-04,113163,1330
E40000010,North West,nhsRegion,2022-05-03,113020,1357
E40000010,North West,nhsRegion,2022-05-02,112890,1375
E40000010,North West,nhsRegion,2022-05-01,112774,1365
E40000010,North West,nhsRegion,2022-04-30,112668,1388
E40000010,North West,nhsRegion,2022-04-29,112558,1460
E40000010,North West,nhsRegion,2022-04-28,112428,1524
E40000010,North West,nhsRegion,2022-04-27,112303,1562
E40000010,North West,nhsRegion,2022-04-26,112144,1650
E40000010,North West,nhsRegion,2022-04-25,111952,1712
E40000010,North West,nhsRegion,2022-04-24,111761,1737
E40000010,North West,nhsRegion,2022-04-23,111614,1757
E40000010,North West,nhsRegion,2022-04-22,111456,1890
E40000010,North West,nhsRegion,2022-04-21,111263,1995
E40000010,North West,nhsRegion,2022-04-20,111085,2103
E40000010,North West,nhsRegion,2022-04-19,110900,2176
E40000010,North West,nhsRegion,2022-04-18,110662,2023
E40000010,North West,nhsRegion,2022-04-17,110448,2192
E40000010,North West,nhsRegion,2022-04-16,110257,2217
E40000010,North West,nhsRegion,2022-04-15,110060,2188
E40000010,North West,nhsRegion,2022-04-14,109850,2164
E40000010,North West,nhsRegion,2022-04-13,109567,2293
E40000010,North West,nhsRegion,2022-04-12,109280,2438
E40000010,North West,nhsRegion,2022-04-11,108993,2473
E40000010,North West,nhsRegion,2022-04-10,108720,2428
E40000010,North West,nhsRegion,2022-04-09,108496,2417
E40000010,North West,nhsRegion,2022-04-08,108247,2529
E40000010,North West,nhsRegion,2022-04-07,107959,2501
E40000010,North West,nhsRegion,2022-04-06,107675,2464
E40000010,North West,nhsRegion,2022-04-05,107342,2435
E40000010,North West,nhsRegion,2022-04-04,106943,2389
E40000010,North West,nhsRegion,2022-04-03,106607,2315
E40000010,North West,nhsRegion,2022-04-02,106307,2279
E40000010,North West,nhsRegion,2022-04-01,106062,2387
E40000010,North West,nhsRegion,2022-03-31,105823,2352
E40000010,North West,nhsRegion,2022-03-30,105533,2337
E40000010,North West,nhsRegion,2022-03-29,105163,2239
E40000010,North West,nhsRegion,2022-03-28,104814,2212
E40000010,North West,nhsRegion,2022-03-27,104515,2157
E40000010,North West,nhsRegion,2022-03-26,104226,2026
E40000010,North West,nhsRegion,2022-03-25,103936,2027
E40000010,North West,nhsRegion,2022-03-24,103649,1932
E40000010,North West,nhsRegion,2022-03-23,103374,1896
E40000010,North West,nhsRegion,2022-03-22,103020,1836
E40000010,North West,nhsRegion,2022-03-21,102734,1761
E40000010,North West,nhsRegion,2022-03-20,102460,1704
E40000010,North West,nhsRegion,2022-03-19,102195,1633
E40000010,North West,nhsRegion,2022-03-18,101944,1625
E40000010,North West,nhsRegion,2022-03-17,101691,1579
E40000010,North West,nhsRegion,2022-03-16,101442,1577
E40000010,North West,nhsRegion,2022-03-15,101167,1542
E40000010,North West,nhsRegion,2022-03-14,100933,1514
E40000010,North West,nhsRegion,2022-03-13,100705,1456
E40000010,North West,nhsRegion,2022-03-12,100532,1396
E40000010,North West,nhsRegion,2022-03-11,100325,1371
E40000010,North West,nhsRegion,2022-03-10,100126,1350
E40000010,North West,nhsRegion,2022-03-09,99916,1329
E40000010,North West,nhsRegion,2022-03-08,99702,1308
E40000010,North West,nhsRegion,2022-03-07,99490,1286
E40000010,North West,nhsRegion,2022-03-06,99300,1212
E40000010,North West,nhsRegion,2022-03-05,99100,1213
E40000010,North West,nhsRegion,2022-03-04,98953,1192
E40000010,North West,nhsRegion,2022-03-03,98808,1183
E40000010,North West,nhsRegion,2022-03-02,98636,1208
E40000010,North West,nhsRegion,2022-03-01,98472,1210
E40000010,North West,nhsRegion,2022-02-28,98307,1219
E40000010,North West,nhsRegion,2022-02-27,98150,1178
E40000010,North West,nhsRegion,2022-02-26,98005,1204
E40000010,North West,nhsRegion,2022-02-25,97887,1243
E40000010,North West,nhsRegion,2022-02-24,97775,1256
E40000010,North West,nhsRegion,2022-02-23,97622,1301
E40000010,North West,nhsRegion,2022-02-22,97490,1315
E40000010,North West,nhsRegion,2022-02-21,97349,1378
E40000010,North West,nhsRegion,2022-02-20,97196,1252
E40000010,North West,nhsRegion,2022-02-19,97047,1321
E40000010,North West,nhsRegion,2022-02-18,96924,1227
E40000010,North West,nhsRegion,2022-02-17,96805,1403
E40000010,North West,nhsRegion,2022-02-16,96693,1437
E40000010,North West,nhsRegion,2022-02-15,96550,1487
E40000010,North West,nhsRegion,2022-02-14,96410,1509
E40000010,North West,nhsRegion,2022-02-13,96247,1484
E40000010,North West,nhsRegion,2022-02-12,96121,1488
E40000010,North West,nhsRegion,2022-02-11,95998,1519
E40000010,North West,nhsRegion,2022-02-10,95859,1562
E40000010,North West,nhsRegion,2022-02-09,95692,1647
E40000010,North West,nhsRegion,2022-02-08,95531,1714
E40000010,North West,nhsRegion,2022-02-07,95383,1730
E40000010,North West,nhsRegion,2022-02-06,95189,1724
E40000010,North West,nhsRegion,2022-02-05,95034,1708
E40000010,North West,nhsRegion,2022-02-04,94882,1810
E40000010,North West,nhsRegion,2022-02-03,94703,1898
E40000010,North West,nhsRegion,2022-02-02,94575,1940
E40000010,North West,nhsRegion,2022-02-01,94361,2060
E40000010,North West,nhsRegion,2022-01-31,94126,2241
E40000010,North West,nhsRegion,2022-01-30,93915,2198
E40000010,North West,nhsRegion,2022-01-29,93736,2045
E40000010,North West,nhsRegion,2022-01-28,93548,2430
E40000010,North West,nhsRegion,2022-01-27,93378,2476
E40000010,North West,nhsRegion,2022-01-26,93183,2546
E40000010,North West,nhsRegion,2022-01-25,92946,2475
E40000010,North West,nhsRegion,2022-01-24,92702,2681
E40000010,North West,nhsRegion,2022-01-23,92450,2684
E40000010,North West,nhsRegion,2022-01-22,92232,2708
E40000010,North West,nhsRegion,2022-01-21,92045,2773
E40000010,North West,nhsRegion,2022-01-20,91802,2856
E40000010,North West,nhsRegion,2022-01-19,91516,2949
E40000010,North West,nhsRegion,2022-01-18,91207,2968
E40000010,North West,nhsRegion,2022-01-17,90922,3092
E40000010,North West,nhsRegion,2022-01-16,90612,3043
E40000010,North West,nhsRegion,2022-01-15,90317,3086
E40000010,North West,nhsRegion,2022-01-14,90026,3155
E40000010,North West,nhsRegion,2022-01-13,89758,3144
E40000010,North West,nhsRegion,2022-01-12,89407,3156
E40000010,North West,nhsRegion,2022-01-11,89021,3129
E40000010,North West,nhsRegion,2022-01-10,88620,3206
E40000010,North West,nhsRegion,2022-01-09,88213,3004
E40000010,North West,nhsRegion,2022-01-08,87851,2904
E40000010,North West,nhsRegion,2022-01-07,87468,2899
E40000010,North West,nhsRegion,2022-01-06,87138,2879
E40000010,North West,nhsRegion,2022-01-05,86767,2788
E40000010,North West,nhsRegion,2022-01-04,86380,2618
E40000010,North West,nhsRegion,2022-01-03,86003,2384
E40000010,North West,nhsRegion,2022-01-02,85524,1965
E40000010,North West,nhsRegion,2022-01-01,85162,2084
E40000010,North West,nhsRegion,2021-12-31,84809,1942
E40000010,North West,nhsRegion,2021-12-30,84483,1708
E40000010,North West,nhsRegion,2021-12-29,84090,1530
E40000010,North West,nhsRegion,2021-12-28,83686,1392
E40000010,North West,nhsRegion,2021-12-27,83381,1226
E40000010,North West,nhsRegion,2021-12-26,83121,945
E40000010,North West,nhsRegion,2021-12-25,82908,901
E40000010,North West,nhsRegion,2021-12-24,82722,1008
E40000010,North West,nhsRegion,2021-12-23,82571,992
E40000010,North West,nhsRegion,2021-12-22,82398,983
E40000010,North West,nhsRegion,2021-12-21,82225,909
E40000010,North West,nhsRegion,2021-12-20,82039,891
E40000010,North West,nhsRegion,2021-12-19,81894,878
E40000010,North West,nhsRegion,2021-12-18,81769,859
E40000010,North West,nhsRegion,2021-12-17,81671,859
E40000010,North West,nhsRegion,2021-12-16,81574,848
E40000010,North West,nhsRegion,2021-12-15,81469,856
E40000010,North West,nhsRegion,2021-12-14,81369,846
E40000010,North West,nhsRegion,2021-12-13,81260,852
E40000010,North West,nhsRegion,2021-12-12,81162,830
E40000010,North West,nhsRegion,2021-12-11,81059,806
E40000010,North West,nhsRegion,2021-12-10,80956,829
E40000010,North West,nhsRegion,2021-12-09,80883,832
E40000010,North West,nhsRegion,2021-12-08,80794,811
E40000010,North West,nhsRegion,2021-12-07,80690,818
E40000010,North West,nhsRegion,2021-12-06,80608,796
E40000010,North West,nhsRegion,2021-12-05,80517,812
E40000010,North West,nhsRegion,2021-12-04,80434,764
E40000010,North West,nhsRegion,2021-12-03,80349,784
E40000010,North West,nhsRegion,2021-12-02,80283,797
E40000010,North West,nhsRegion,2021-12-01,80196,802
E40000010,North West,nhsRegion,2021-11-30,80108,838
E40000010,North West,nhsRegion,2021-11-29,80028,834
E40000010,North West,nhsRegion,2021-11-28,79944,829
E40000010,North West,nhsRegion,2021-11-27,79872,822
E40000010,North West,nhsRegion,2021-11-26,79803,852
E40000010,North West,nhsRegion,2021-11-25,79714,853
E40000010,North West,nhsRegion,2021-11-24,79626,876
E40000010,North West,nhsRegion,2021-11-23,79538,891
E40000010,North West,nhsRegion,2021-11-22,79448,905
E40000010,North West,nhsRegion,2021-11-21,79372,891
E40000010,North West,nhsRegion,2021-11-20,79289,889
E40000010,North West,nhsRegion,2021-11-19,79211,909
E40000010,North West,nhsRegion,2021-11-18,79117,939
E40000010,North West,nhsRegion,2021-11-17,79037,957
E40000010,North West,nhsRegion,2021-11-16,78927,968
E40000010,North West,nhsRegion,2021-11-15,78811,1024
E40000010,North West,nhsRegion,2021-11-14,78714,1011
E40000010,North West,nhsRegion,2021-11-13,78627,1006
E40000010,North West,nhsRegion,2021-11-12,78520,1034
E40000010,North West,nhsRegion,2021-11-11,78426,1039
E40000010,North West,nhsRegion,2021-11-10,78324,1062
E40000010,North West,nhsRegion,2021-11-09,78200,1074
E40000010,North West,nhsRegion,2021-11-08,78086,1115
E40000010,North West,nhsRegion,2021-11-07,77972,1087
E40000010,North West,nhsRegion,2021-11-06,77870,1087
E40000010,North West,nhsRegion,2021-11-05,77762,1086
E40000010,North West,nhsRegion,2021-11-04,77649,1119
E40000010,North West,nhsRegion,2021-11-03,77528,1139
E40000010,North West,nhsRegion,2021-11-02,77407,1151
E40000010,North West,nhsRegion,2021-11-01,77277,1152
E40000010,North West,nhsRegion,2021-10-31,77146,1128
E40000010,North West,nhsRegion,2021-10-30,77017,1098
E40000010,North West,nhsRegion,2021-10-29,76895,1086
E40000010,North West,nhsRegion,2021-10-28,76751,1097
E40000010,North West,nhsRegion,2021-10-27,76632,1082
E40000010,North West,nhsRegion,2021-10-26,76501,1048
E40000010,North West,nhsRegion,2021-10-25,76367,1044
E40000010,North West,nhsRegion,2021-10-24,76228,1012
E40000010,North West,nhsRegion,2021-10-23,76109,993
E40000010,North West,nhsRegion,2021-10-22,76009,990
E40000010,North West,nhsRegion,2021-10-21,75860,977
E40000010,North West,nhsRegion,2021-10-20,75739,958
E40000010,North West,nhsRegion,2021-10-19,75581,913
E40000010,North West,nhsRegion,2021-10-18,75460,919
E40000010,North West,nhsRegion,2021-10-17,75328,891
E40000010,North West,nhsRegion,2021-10-16,75202,834
E40000010,North West,nhsRegion,2021-10-15,75112,825
E40000010,North West,nhsRegion,2021-10-14,74980,830
E40000010,North West,nhsRegion,2021-10-13,74871,827
E40000010,North West,nhsRegion,2021-10-12,74765,757
E40000010,North West,nhsRegion,2021-10-11,74649,808
E40000010,North West,nhsRegion,2021-10-10,74547,788
E40000010,North West,nhsRegion,2021-10-09,74462,772
E40000010,North West,nhsRegion,2021-10-08,74379,779
E40000010,North West,nhsRegion,2021-10-07,74302,779
E40000010,North West,nhsRegion,2021-10-06,74215,803
E40000010,North West,nhsRegion,2021-10-05,74122,814
E40000010,North West,nhsRegion,2021-10-04,74034,773
E40000010,North West,nhsRegion,2021-10-03,73941,744
E40000010,North West,nhsRegion,2021-10-02,73844,788
E40000010,North West,nhsRegion,2021-10-01,73745,786
E40000010,North West,nhsRegion,2021-09-30,73658,793
E40000010,North West,nhsRegion,2021-09-29,73559,834
E40000010,North West,nhsRegion,2021-09-28,73458,858
E40000010,North West,nhsRegion,2021-09-27,73364,870
E40000010,North West,nhsRegion,2021-09-26,73274,788
E40000010,North West,nhsRegion,2021-09-25,73199,825
E40000010,North West,nhsRegion,2021-09-24,73105,829
E40000010,North West,nhsRegion,2021-09-23,73008,845
E40000010,North West,nhsRegion,2021-09-22,72925,850
E40000010,North West,nhsRegion,2021-09-21,72842,859
E40000010,North West,nhsRegion,2021-09-20,72730,913
E40000010,North West,nhsRegion,2021-09-19,72637,888
E40000010,North West,nhsRegion,2021-09-18,72542,916
E40000010,North West,nhsRegion,2021-09-17,72451,955
E40000010,North West,nhsRegion,2021-09-16,72369,958
E40000010,North West,nhsRegion,2021-09-15,72273,972
E40000010,North West,nhsRegion,2021-09-14,72137,933
E40000010,North West,nhsRegion,2021-09-13,72028,973
E40000010,North West,nhsRegion,2021-09-12,71936,887
E40000010,North West,nhsRegion,2021-09-11,71845,902
E40000010,North West,nhsRegion,2021-09-10,71751,983
E40000010,North West,nhsRegion,2021-09-09,71646,933
E40000010,North West,nhsRegion,2021-09-08,71499,943
E40000010,North West,nhsRegion,2021-09-07,71342,967
E40000010,North West,nhsRegion,2021-09-06,71234,966
E40000010,North West,nhsRegion,2021-09-05,71115,962
E40000010,North West,nhsRegion,2021-09-04,71006,938
E40000010,North West,nhsRegion,2021-09-03,70907,975
E40000010,North West,nhsRegion,2021-09-02,70798,962
E40000010,North West,nhsRegion,2021-09-01,70670,924
E40000010,North West,nhsRegion,2021-08-31,70554,949
E40000010,North West,nhsRegion,2021-08-30,70433,903
E40000010,North West,nhsRegion,2021-08-29,70318,882
E40000010,North West,nhsRegion,2021-08-28,70228,854
E40000010,North West,nhsRegion,2021-08-27,70127,864
E40000010,North West,nhsRegion,2021-08-26,70008,889
E40000010,North West,nhsRegion,2021-08-25,69925,898
E40000010,North West,nhsRegion,2021-08-24,69812,922
E40000010,North West,nhsRegion,2021-08-23,69690,937
E40000010,North West,nhsRegion,2021-08-22,69583,880
E40000010,North West,nhsRegion,2021-08-21,69458,862
E40000010,North West,nhsRegion,2021-08-20,69346,895
E40000010,North West,nhsRegion,2021-08-19,69242,882
E40000010,North West,nhsRegion,2021-08-18,69121,904
E40000010,North West,nhsRegion,2021-08-17,69001,849
E40000010,North West,nhsRegion,2021-08-16,68876,835
E40000010,North West,nhsRegion,2021-08-15,68754,813
E40000010,North West,nhsRegion,2021-08-14,68635,795
E40000010,North West,nhsRegion,2021-08-13,68533,815
E40000010,North West,nhsRegion,2021-08-12,68421,799
E40000010,North West,nhsRegion,2021-08-11,68308,824
E40000010,North West,nhsRegion,2021-08-10,68210,864
E40000010,North West,nhsRegion,2021-08-09,68079,863
E40000010,North West,nhsRegion,2021-08-08,67971,827
E40000010,North West,nhsRegion,2021-08-07,67866,816
E40000010,North West,nhsRegion,2021-08-06,67756,818
E40000010,North West,nhsRegion,2021-08-05,67652,826
E40000010,North West,nhsRegion,2021-08-04,67543,840
E40000010,North West,nhsRegion,2021-08-03,67427,863
E40000010,North West,nhsRegion,2021-08-02,67335,888
E40000010,North West,nhsRegion,2021-08-01,67219,864
E40000010,North West,nhsRegion,2021-07-31,67109,828
E40000010,North West,nhsRegion,2021-07-30,67021,870
E40000010,North West,nhsRegion,2021-07-29,66904,862
E40000010,North West,nhsRegion,2021-07-28,66769,872
E40000010,North West,nhsRegion,2021-07-27,66632,897
E40000010,North West,nhsRegion,2021-07-26,66514,871
E40000010,North West,nhsRegion,2021-07-25,66398,879
E40000010,North West,nhsRegion,2021-07-24,66275,827
E40000010,North West,nhsRegion,2021-07-23,66144,830
E40000010,North West,nhsRegion,2021-07-22,66014,835
E40000010,North West,nhsRegion,2021-07-21,65888,819
E40000010,North West,nhsRegion,2021-07-20,65764,807
E40000010,North West,nhsRegion,2021-07-19,65630,800
E40000010,North West,nhsRegion,2021-07-18,65489,786
E40000010,North West,nhsRegion,2021-07-17,65379,754
E40000010,North West,nhsRegion,2021-07-16,65281,794
E40000010,North West,nhsRegion,2021-07-15,65179,788
E40000010,North West,nhsRegion,2021-07-14,65059,771
E40000010,North West,nhsRegion,2021-07-13,64949,772
E40000010,North West,nhsRegion,2021-07-12,64826,738
E40000010,North West,nhsRegion,2021-07-11,64721,703
E40000010,North West,nhsRegion,2021-07-10,64617,655
E40000010,North West,nhsRegion,2021-07-09,64511,648
E40000010,North West,nhsRegion,2021-07-08,64403,596
E40000010,North West,nhsRegion,2021-07-07,64295,600
E40000010,North West,nhsRegion,2021-07-06,64192,570
E40000010,North West,nhsRegion,2021-07-05,64090,561
E40000010,North West,nhsRegion,2021-07-04,63976,524
E40000010,North West,nhsRegion,2021-07-03,63896,506
E40000010,North West,nhsRegion,2021-07-02,63816,514
E40000010,North West,nhsRegion,2021-07-01,63733,498
E40000010,North West,nhsRegion,2021-06-30,63657,489
E40000010,North West,nhsRegion,2021-06-29,63576,479
E40000010,North West,nhsRegion,2021-06-28,63505,498
E40000010,North West,nhsRegion,2021-06-27,63430,466
E40000010,North West,nhsRegion,2021-06-26,63368,442
E40000010,North West,nhsRegion,2021-06-25,63303,429
E40000010,North West,nhsRegion,2021-06-24,63242,444
E40000010,North West,nhsRegion,2021-06-23,63185,437
E40000010,North West,nhsRegion,2021-06-22,63125,445
E40000010,North West,nhsRegion,2021-06-21,63083,436
E40000010,North West,nhsRegion,2021-06-20,63019,412
E40000010,North West,nhsRegion,2021-06-19,62977,384
E40000010,North West,nhsRegion,2021-06-18,62924,411
E40000010,North West,nhsRegion,2021-06-17,62859,388
E40000010,North West,nhsRegion,2021-06-16,62791,379
E40000010,North West,nhsRegion,2021-06-15,62736,349
E40000010,North West,nhsRegion,2021-06-14,62678,328
E40000010,North West,nhsRegion,2021-06-13,62606,323
E40000010,North West,nhsRegion,2021-06-12,62540,300
E40000010,North West,nhsRegion,2021-06-11,62483,272
E40000010,North West,nhsRegion,2021-06-10,62432,271
E40000010,North West,nhsRegion,2021-06-09,62369,256
E40000010,North West,nhsRegion,2021-06-08,62319,246
E40000010,North West,nhsRegion,2021-06-07,62276,245
E40000010,North West,nhsRegion,2021-06-06,62233,223
E40000010,North West,nhsRegion,2021-06-05,62188,210
E40000010,North West,nhsRegion,2021-06-04,62145,202
E40000010,North West,nhsRegion,2021-06-03,62115,192
E40000010,North West,nhsRegion,2021-06-02,62083,196
E40000010,North West,nhsRegion,2021-06-01,62045,184
E40000010,North West,nhsRegion,2021-05-31,62014,184
E40000010,North West,nhsRegion,2021-05-30,61995,171
E40000010,North West,nhsRegion,2021-05-29,61970,170
E40000010,North West,nhsRegion,2021-05-28,61957,173
E40000010,North West,nhsRegion,2021-05-27,61932,173
E40000010,North West,nhsRegion,2021-05-26,61911,166
E40000010,North West,nhsRegion,2021-05-25,61884,174
E40000010,North West,nhsRegion,2021-05-24,61860,174
E40000010,North West,nhsRegion,2021-05-23,61829,158
E40000010,North West,nhsRegion,2021-05-22,61807,158
E40000010,North West,nhsRegion,2021-05-21,61793,153
E40000010,North West,nhsRegion,2021-05-20,61771,155
E40000010,North West,nhsRegion,2021-05-19,61752,151
E40000010,North West,nhsRegion,2021-05-18,61734,142
E40000010,North West,nhsRegion,2021-05-17,61715,152
E40000010,North West,nhsRegion,2021-05-16,61702,149
E40000010,North West,nhsRegion,2021-05-15,61686,152
E40000010,North West,nhsRegion,2021-05-14,61673,151
E40000010,North West,nhsRegion,2021-05-13,61655,152
E40000010,North West,nhsRegion,2021-05-12,61632,158
E40000010,North West,nhsRegion,2021-05-11,61615,159
E40000010,North West,nhsRegion,2021-05-10,61600,163
E40000010,North West,nhsRegion,2021-05-09,61584,164
E40000010,North West,nhsRegion,2021-05-08,61571,172
E40000010,North West,nhsRegion,2021-05-07,61560,177
E40000010,North West,nhsRegion,2021-05-06,61549,166
E40000010,North West,nhsRegion,2021-05-05,61538,178
E40000010,North West,nhsRegion,2021-05-04,61519,203
E40000010,North West,nhsRegion,2021-05-03,61507,181
E40000010,North West,nhsRegion,2021-05-02,61481,172
E40000010,North West,nhsRegion,2021-05-01,61465,178
E40000010,North West,nhsRegion,2021-04-30,61455,188
E40000010,North West,nhsRegion,2021-04-29,61445,196
E40000010,North West,nhsRegion,2021-04-28,61433,196
E40000010,North West,nhsRegion,2021-04-27,61415,202
E40000010,North West,nhsRegion,2021-04-26,61397,217
E40000010,North West,nhsRegion,2021-04-25,61387,215
E40000010,North West,nhsRegion,2021-04-24,61374,216
E40000010,North West,nhsRegion,2021-04-23,61363,229
E40000010,North West,nhsRegion,2021-04-22,61350,236
E40000010,North West,nhsRegion,2021-04-21,61333,247
E40000010,North West,nhsRegion,2021-04-20,61313,264
E40000010,North West,nhsRegion,2021-04-19,61300,281
E40000010,North West,nhsRegion,2021-04-18,61284,275
E40000010,North West,nhsRegion,2021-04-17,61273,276
E40000010,North West,nhsRegion,2021-04-16,61258,309
E40000010,North West,nhsRegion,2021-04-15,61241,330
E40000010,North West,nhsRegion,2021-04-14,61225,358
E40000010,North West,nhsRegion,2021-04-13,61196,373
E40000010,North West,nhsRegion,2021-04-12,61181,351
E40000010,North West,nhsRegion,2021-04-11,61157,352
E40000010,North West,nhsRegion,2021-04-10,61136,360
E40000010,North West,nhsRegion,2021-04-09,61110,422
E40000010,North West,nhsRegion,2021-04-08,61091,434
E40000010,North West,nhsRegion,2021-04-07,61065,457
E40000010,North West,nhsRegion,2021-04-06,61040,481
E40000010,North West,nhsRegion,2021-04-05,61018,507
E40000010,North West,nhsRegion,2021-04-04,60993,499
E40000010,North West,nhsRegion,2021-04-03,60966,495
E40000010,North West,nhsRegion,2021-04-02,60929,512
E40000010,North West,nhsRegion,2021-04-01,60896,558
E40000010,North West,nhsRegion,2021-03-31,60865,591
E40000010,North West,nhsRegion,2021-03-30,60830,632
E40000010,North West,nhsRegion,2021-03-29,60795,648
E40000010,North West,nhsRegion,2021-03-28,60755,622
E40000010,North West,nhsRegion,2021-03-27,60723,632
E40000010,North West,nhsRegion,2021-03-26,60680,678
E40000010,North West,nhsRegion,2021-03-25,60642,693
E40000010,North West,nhsRegion,2021-03-24,60593,723
E40000010,North West,nhsRegion,2021-03-23,60545,749
E40000010,North West,nhsRegion,2021-03-22,60491,787
E40000010,North West,nhsRegion,2021-03-21,60432,766
E40000010,North West,nhsRegion,2021-03-20,60388,779
E40000010,North West,nhsRegion,2021-03-19,60322,819
E40000010,North West,nhsRegion,2021-03-18,60279,847
E40000010,North West,nhsRegion,2021-03-17,60229,911
E40000010,North West,nhsRegion,2021-03-16,60168,952
E40000010,North West,nhsRegion,2021-03-15,60113,992
E40000010,North West,nhsRegion,2021-03-14,60043,1002
E40000010,North West,nhsRegion,2021-03-13,59980,986
E40000010,North West,nhsRegion,2021-03-12,59901,1040
E40000010,North West,nhsRegion,2021-03-11,59847,1080
E40000010,North West,nhsRegion,2021-03-10,59792,1118
E40000010,North West,nhsRegion,2021-03-09,59707,1167
E40000010,North West,nhsRegion,2021-03-08,59632,1218
E40000010,North West,nhsRegion,2021-03-07,59537,1211
E40000010,North West,nhsRegion,2021-03-06,59463,1222
E40000010,North West,nhsRegion,2021-03-05,59371,1311
E40000010,North West,nhsRegion,2021-03-04,59292,1363
E40000010,North West,nhsRegion,2021-03-03,59212,1447
E40000010,North West,nhsRegion,2021-03-02,59133,1540
E40000010,North West,nhsRegion,2021-03-01,59036,1622
E40000010,North West,nhsRegion,2021-02-28,58926,1602
E40000010,North West,nhsRegion,2021-02-27,58805,1628
E40000010,North West,nhsRegion,2021-02-26,58709,1724
E40000010,North West,nhsRegion,2021-02-25,58606,1830
E40000010,North West,nhsRegion,2021-02-24,58486,1938
E40000010,North West,nhsRegion,2021-02-23,58378,1978
E40000010,North West,nhsRegion,2021-02-22,58213,2078
E40000010,North West,nhsRegion,2021-02-21,58069,2072
E40000010,North West,nhsRegion,2021-02-20,57936,2071
E40000010,North West,nhsRegion,2021-02-19,57788,2198
E40000010,North West,nhsRegion,2021-02-18,57625,2322
E40000010,North West,nhsRegion,2021-02-17,57477,2391
E40000010,North West,nhsRegion,2021-02-16,57299,2513
E40000010,North West,nhsRegion,2021-02-15,57125,2621
E40000010,North West,nhsRegion,2021-02-14,56898,2610
E40000010,North West,nhsRegion,2021-02-13,56721,2631
E40000010,North West,nhsRegion,2021-02-12,56509,2754
E40000010,North West,nhsRegion,2021-02-11,56320,2916
E40000010,North West,nhsRegion,2021-02-10,56097,3000
E40000010,North West,nhsRegion,2021-02-09,55863,3108
E40000010,North West,nhsRegion,2021-02-08,55630,3248
E40000010,North West,nhsRegion,2021-02-07,55388,3270
E40000010,North West,nhsRegion,2021-02-06,55154,3292
E40000010,North West,nhsRegion,2021-02-05,54930,3440
E40000010,North West,nhsRegion,2021-02-04,54689,3557
E40000010,North West,nhsRegion,2021-02-03,54412,3707
E40000010,North West,nhsRegion,2021-02-02,54109,3854
E40000010,North West,nhsRegion,2021-02-01,53800,4017
E40000010,North West,nhsRegion,2021-01-31,53448,3834
E40000010,North West,nhsRegion,2021-01-30,53140,3994
E40000010,North West,nhsRegion,2021-01-29,52884,4136
E40000010,North West,nhsRegion,2021-01-28,52553,4203
E40000010,North West,nhsRegion,2021-01-27,52211,4264
E40000010,North West,nhsRegion,2021-01-26,51834,4346
E40000010,North West,nhsRegion,2021-01-25,51421,4122
E40000010,North West,nhsRegion,2021-01-24,51059,4338
E40000010,North West,nhsRegion,2021-01-23,50669,4254
E40000010,North West,nhsRegion,2021-01-22,50314,4315
E40000010,North West,nhsRegion,2021-01-21,49909,4287
E40000010,North West,nhsRegion,2021-01-20,49492,4318
E40000010,North West,nhsRegion,2021-01-19,49007,4307
E40000010,North West,nhsRegion,2021-01-18,48535,4242
E40000010,North West,nhsRegion,2021-01-17,48097,4151
E40000010,North West,nhsRegion,2021-01-16,47711,4021
E40000010,North West,nhsRegion,2021-01-15,47272,4039
E40000010,North West,nhsRegion,2021-01-14,46838,3912
E40000010,North West,nhsRegion,2021-01-13,46418,3849
E40000010,North West,nhsRegion,2021-01-12,45938,3785
E40000010,North West,nhsRegion,2021-01-11,45471,3733
E40000010,North West,nhsRegion,2021-01-10,45019,3465
E40000010,North West,nhsRegion,2021-01-09,44623,3332
E40000010,North West,nhsRegion,2021-01-08,44177,3238
E40000010,North West,nhsRegion,2021-01-07,43792,3104
E40000010,North West,nhsRegion,2021-01-06,43371,2996
E40000010,North West,nhsRegion,2021-01-05,42930,2925
E40000010,North West,nhsRegion,2021-01-04,42516,2812
E40000010,North West,nhsRegion,2021-01-03,42163,2605
E40000010,North West,nhsRegion,2021-01-02,41848,2410
E40000010,North West,nhsRegion,2021-01-01,41601,2540
E40000010,North West,nhsRegion,2020-12-31,41391,2550
E40000010,North West,nhsRegion,2020-12-30,41182,2514
E40000010,North West,nhsRegion,2020-12-29,40904,2352
E40000010,North West,nhsRegion,2020-12-28,40647,2346
E40000010,North West,nhsRegion,2020-12-27,40385,2226
E40000010,North West,nhsRegion,2020-12-26,40151,2144
E40000010,North West,nhsRegion,2020-12-25,39960,2103
E40000010,North West,nhsRegion,2020-12-24,39773,2245
E40000010,North West,nhsRegion,2020-12-23,39617,2333
E40000010,North West,nhsRegion,2020-12-22,39400,2406
E40000010,North West,nhsRegion,2020-12-21,39169,2399
E40000010,North West,nhsRegion,2020-12-20,38954,2315
E40000010,North West,nhsRegion,2020-12-19,38733,2253
E40000010,North West,nhsRegion,2020-12-18,38546,2255
E40000010,North West,nhsRegion,2020-12-17,38330,2271
E40000010,North West,nhsRegion,2020-12-16,38110,2276
E40000010,North West,nhsRegion,2020-12-15,37888,2322
E40000010,North West,nhsRegion,2020-12-14,37710,2325
E40000010,North West,nhsRegion,2020-12-13,37534,2266
E40000010,North West,nhsRegion,2020-12-12,37335,2255
E40000010,North West,nhsRegion,2020-12-11,37148,2278
E40000010,North West,nhsRegion,2020-12-10,37009,2287
E40000010,North West,nhsRegion,2020-12-09,36809,2218
E40000010,North West,nhsRegion,2020-12-08,36600,2332
E40000010,North West,nhsRegion,2020-12-07,36382,2388
E40000010,North West,nhsRegion,2020-12-06,36170,2247
E40000010,North West,nhsRegion,2020-12-05,35988,2302
E40000010,North West,nhsRegion,2020-12-04,35829,2368
E40000010,North West,nhsRegion,2020-12-03,35655,2434
E40000010,North West,nhsRegion,2020-12-02,35483,2368
E40000010,North West,nhsRegion,2020-12-01,35327,2517
E40000010,North West,nhsRegion,2020-11-30,35114,2572
E40000010,North West,nhsRegion,2020-11-29,34936,2510
E40000010,North West,nhsRegion,2020-11-28,34743,2355
E40000010,North West,nhsRegion,2020-11-27,34592,2551
E40000010,North West,nhsRegion,2020-11-26,34404,2607
E40000010,North West,nhsRegion,2020-11-25,34216,2700
E40000010,North West,nhsRegion,2020-11-24,34000,2811
E40000010,North West,nhsRegion,2020-11-23,33816,2810
E40000010,North West,nhsRegion,2020-11-22,33635,2794
E40000010,North West,nhsRegion,2020-11-21,33419,2769
E40000010,North West,nhsRegion,2020-11-20,33234,2859
E40000010,North West,nhsRegion,2020-11-19,33054,3025
E40000010,North West,nhsRegion,2020-11-18,32828,3061
E40000010,North West,nhsRegion,2020-11-17,32579,3097
E40000010,North West,nhsRegion,2020-11-16,32301,3158
E40000010,North West,nhsRegion,2020-11-15,32014,3063
E40000010,North West,nhsRegion,2020-11-14,31782,3011
E40000010,North West,nhsRegion,2020-11-13,31558,3042
E40000010,North West,nhsRegion,2020-11-12,31323,3023
E40000010,North West,nhsRegion,2020-11-11,31017,3044
E40000010,North West,nhsRegion,2020-11-10,30703,2876
E40000010,North West,nhsRegion,2020-11-09,30406,3042
E40000010,North West,nhsRegion,2020-11-08,30144,2953
E40000010,North West,nhsRegion,2020-11-07,29846,2883
E40000010,North West,nhsRegion,2020-11-06,29591,2968
E40000010,North West,nhsRegion,2020-11-05,29384,2815
E40000010,North West,nhsRegion,2020-11-04,29137,2956
E40000010,North West,nhsRegion,2020-11-03,28825,2946
E40000010,North West,nhsRegion,2020-11-02,28548,2883
E40000010,North West,nhsRegion,2020-11-01,28260,2800
E40000010,North West,nhsRegion,2020-10-31,27967,2752
E40000010,North West,nhsRegion,2020-10-30,27687,2593
E40000010,North West,nhsRegion,2020-10-29,27431,2676
E40000010,North West,nhsRegion,2020-10-28,27091,2603
E40000010,North West,nhsRegion,2020-10-27,26768,2566
E40000010,North West,nhsRegion,2020-10-26,26454,2495
E40000010,North West,nhsRegion,2020-10-25,26160,2396
E40000010,North West,nhsRegion,2020-10-24,25825,2269
E40000010,North West,nhsRegion,2020-10-23,25547,2200
E40000010,North West,nhsRegion,2020-10-22,25272,2017
E40000010,North West,nhsRegion,2020-10-21,25029,2097
E40000010,North West,nhsRegion,2020-10-20,24777,2099
E40000010,North West,nhsRegion,2020-10-19,24536,1884
E40000010,North West,nhsRegion,2020-10-18,24306,1849
E40000010,North West,nhsRegion,2020-10-17,24030,1772
E40000010,North West,nhsRegion,2020-10-16,23758,1710
E40000010,North West,nhsRegion,2020-10-15,23562,1610
E40000010,North West,nhsRegion,2020-10-14,23304,1554
E40000010,North West,nhsRegion,2020-10-13,23081,1460
E40000010,North West,nhsRegion,2020-10-12,22837,1304
E40000010,North West,nhsRegion,2020-10-11,22617,1274
E40000010,North West,nhsRegion,2020-10-10,22408,1213
E40000010,North West,nhsRegion,2020-10-09,22231,1158
E40000010,North West,nhsRegion,2020-10-08,22051,1146
E40000010,North West,nhsRegion,2020-10-07,21873,1077
E40000010,North West,nhsRegion,2020-10-06,21728,1043
E40000010,North West,nhsRegion,2020-10-05,21543,930
E40000010,North West,nhsRegion,2020-10-04,21402,852
E40000010,North West,nhsRegion,2020-10-03,21194,758
E40000010,North West,nhsRegion,2020-10-02,21064,704
E40000010,North West,nhsRegion,2020-10-01,20942,688
E40000010,North West,nhsRegion,2020-09-30,20814,686
E40000010,North West,nhsRegion,2020-09-29,20713,637
E40000010,North West,nhsRegion,2020-09-28,20631,631
E40000010,North West,nhsRegion,2020-09-27,20521,562
E40000010,North West,nhsRegion,2020-09-26,20448,560
E40000010,North West,nhsRegion,2020-09-25,20382,540
E40000010,North West,nhsRegion,2020-09-24,20311,506
E40000010,North West,nhsRegion,2020-09-23,20231,461
E40000010,North West,nhsRegion,2020-09-22,20134,424
E40000010,North West,nhsRegion,2020-09-21,20054,398
E40000010,North West,nhsRegion,2020-09-20,19962,359
E40000010,North West,nhsRegion,2020-09-19,19896,340
E40000010,North West,nhsRegion,2020-09-18,19844,315
E40000010,North West,nhsRegion,2020-09-17,19800,314
E40000010,North West,nhsRegion,2020-09-16,19742,292
E40000010,North West,nhsRegion,2020-09-15,19688,274
E40000010,North West,nhsRegion,2020-09-14,19626,257
E40000010,North West,nhsRegion,2020-09-13,19579,198
E40000010,North West,nhsRegion,2020-09-12,19528,201
E40000010,North West,nhsRegion,2020-09-11,19482,184
E40000010,North West,nhsRegion,2020-09-10,19441,177
E40000010,North West,nhsRegion,2020-09-09,19398,176
E40000010,North West,nhsRegion,2020-09-08,19372,169
E40000010,North West,nhsRegion,2020-09-07,19352,167
E40000010,North West,nhsRegion,2020-09-06,19321,142
E40000010,North West,nhsRegion,2020-09-05,19288,136
E40000010,North West,nhsRegion,2020-09-04,19263,133
E40000010,North West,nhsRegion,2020-09-03,19249,130
E40000010,North West,nhsRegion,2020-09-02,19226,116
E40000010,North West,nhsRegion,2020-09-01,19205,119
E40000010,North West,nhsRegion,2020-08-31,19188,114
E40000010,North West,nhsRegion,2020-08-30,19174,102
E40000010,North West,nhsRegion,2020-08-29,19163,103
E40000010,North West,nhsRegion,2020-08-28,19148,89
E40000010,North West,nhsRegion,2020-08-27,19136,89
E40000010,North West,nhsRegion,2020-08-26,19113,81
E40000010,North West,nhsRegion,2020-08-25,19101,98
E40000010,North West,nhsRegion,2020-08-24,19093,99
E40000010,North West,nhsRegion,2020-08-23,19084,103
E40000010,North West,nhsRegion,2020-08-22,19075,108
E40000010,North West,nhsRegion,2020-08-21,19074,102
E40000010,North West,nhsRegion,2020-08-20,19061,106
E40000010,North West,nhsRegion,2020-08-19,19055,105
E40000010,North West,nhsRegion,2020-08-18,19033,113
E40000010,North West,nhsRegion,2020-08-17,19023,118
E40000010,North West,nhsRegion,2020-08-16,19014,137
E40000010,North West,nhsRegion,2020-08-15,19011,138
E40000010,North West,nhsRegion,2020-08-14,19007,148
E40000010,North West,nhsRegion,2020-08-13,19000,149
E40000010,North West,nhsRegion,2020-08-12,18988,145
E40000010,North West,nhsRegion,2020-08-11,18979,154
E40000010,North West,nhsRegion,2020-08-10,18966,161
E40000010,North West,nhsRegion,2020-08-09,18955,136
E40000010,North West,nhsRegion,2020-08-08,18945,154
E40000010,North West,nhsRegion,2020-08-07,18904,160
E40000010,North West,nhsRegion,2020-08-06,18887,160
E40000010,North West,nhsRegion,2020-08-05,18874,183
E40000010,North West,nhsRegion,2020-08-04,18862,181
E40000010,North West,nhsRegion,2020-08-03,18851,181
E40000010,North West,nhsRegion,2020-08-02,18832,188
E40000010,North West,nhsRegion,2020-08-01,18820,191
E40000010,North West,nhsRegion,2020-07-31,18809,195
E40000010,North West,nhsRegion,2020-07-30,18797,206
E40000010,North West,nhsRegion,2020-07-29,18776,205
E40000010,North West,nhsRegion,2020-07-28,18764,217
E40000010,North West,nhsRegion,2020-07-27,18748,220
E40000010,North West,nhsRegion,2020-07-26,18736,222
E40000010,North West,nhsRegion,2020-07-25,18723,229
E40000010,North West,nhsRegion,2020-07-24,18712,224
E40000010,North West,nhsRegion,2020-07-23,18690,231
E40000010,North West,nhsRegion,2020-07-22,18663,375
E40000010,North West,nhsRegion,2020-07-21,18641,235
E40000010,North West,nhsRegion,2020-07-20,18614,242
E40000010,North West,nhsRegion,2020-07-19,18588,233
E40000010,North West,nhsRegion,2020-07-18,18575,245
E40000010,North West,nhsRegion,2020-07-17,18565,263
E40000010,North West,nhsRegion,2020-07-16,18555,259
E40000010,North West,nhsRegion,2020-07-15,18535,282
E40000010,North West,nhsRegion,2020-07-14,18516,286
E40000010,North West,nhsRegion,2020-07-13,18496,307
E40000010,North West,nhsRegion,2020-07-12,18478,297
E40000010,North West,nhsRegion,2020-07-11,18470,312
E40000010,North West,nhsRegion,2020-07-10,18458,341
E40000010,North West,nhsRegion,2020-07-09,18449,334
E40000010,North West,nhsRegion,2020-07-08,18425,362
E40000010,North West,nhsRegion,2020-07-07,18405,399
E40000010,North West,nhsRegion,2020-07-06,18388,438
E40000010,North West,nhsRegion,2020-07-05,18368,440
E40000010,North West,nhsRegion,2020-07-04,18345,449
E40000010,North West,nhsRegion,2020-07-03,18326,517
E40000010,North West,nhsRegion,2020-07-02,18296,562
E40000010,North West,nhsRegion,2020-07-01,18279,603
E40000010,North West,nhsRegion,2020-06-30,18252,619
E40000010,North West,nhsRegion,2020-06-29,18230,641
E40000010,North West,nhsRegion,2020-06-28,18194,658
E40000010,North West,nhsRegion,2020-06-27,18155,653
E40000010,North West,nhsRegion,2020-06-26,18107,693
E40000010,North West,nhsRegion,2020-06-25,18054,708
E40000010,North West,nhsRegion,2020-06-24,18001,759
E40000010,North West,nhsRegion,2020-06-23,17930,780
E40000010,North West,nhsRegion,2020-06-22,17878,801
E40000010,North West,nhsRegion,2020-06-21,17809,782
E40000010,North West,nhsRegion,2020-06-20,17755,814
E40000010,North West,nhsRegion,2020-06-19,17721,826
E40000010,North West,nhsRegion,2020-06-18,17664,839
E40000010,North West,nhsRegion,2020-06-17,17593,876
E40000010,North West,nhsRegion,2020-06-16,17516,880
E40000010,North West,nhsRegion,2020-06-15,17433,926
E40000010,North West,nhsRegion,2020-06-14,17355,912
E40000010,North West,nhsRegion,2020-06-13,17275,919
E40000010,North West,nhsRegion,2020-06-12,17212,922
E40000010,North West,nhsRegion,2020-06-11,17120,936
E40000010,North West,nhsRegion,2020-06-10,17019,939
E40000010,North West,nhsRegion,2020-06-09,16906,1038
E40000010,North West,nhsRegion,2020-06-08,16808,1075
E40000010,North West,nhsRegion,2020-06-07,16740,1076
E40000010,North West,nhsRegion,2020-06-06,16674,1120
E40000010,North West,nhsRegion,2020-06-05,16618,1194
E40000010,North West,nhsRegion,2020-06-04,16543,1217
E40000010,North West,nhsRegion,2020-06-03,16419,1276
E40000010,North West,nhsRegion,2020-06-02,16297,1301
E40000010,North West,nhsRegion,2020-06-01,16176,1309
E40000010,North West,nhsRegion,2020-05-31,16027,1309
E40000010,North West,nhsRegion,2020-05-30,15901,1313
E40000010,North West,nhsRegion,2020-05-29,15804,1344
E40000010,North West,nhsRegion,2020-05-28,15683,1377
E40000010,North West,nhsRegion,2020-05-27,15538,1432
E40000010,North West,nhsRegion,2020-05-26,15390,1515
E40000010,North West,nhsRegion,2020-05-25,15278,1519
E40000010,North West,nhsRegion,2020-05-24,15157,1509
E40000010,North West,nhsRegion,2020-05-23,15029,1537
E40000010,North West,nhsRegion,2020-05-22,14904,1566
E40000010,North West,nhsRegion,2020-05-21,14744,1590
E40000010,North West,nhsRegion,2020-05-20,14579,1647
E40000010,North West,nhsRegion,2020-05-19,14428,1707
E40000010,North West,nhsRegion,2020-05-18,14255,1670
E40000010,North West,nhsRegion,2020-05-17,14084,1667
E40000010,North West,nhsRegion,2020-05-16,13915,1655
E40000010,North West,nhsRegion,2020-05-15,13737,1716
E40000010,North West,nhsRegion,2020-05-14,13584,1739
E40000010,North West,nhsRegion,2020-05-13,13420,1800
E40000010,North West,nhsRegion,2020-05-12,13234,1826
E40000010,North West,nhsRegion,2020-05-11,13048,1907
E40000010,North West,nhsRegion,2020-05-10,12845,1826
E40000010,North West,nhsRegion,2020-05-09,12689,1918
E40000010,North West,nhsRegion,2020-05-08,12522,1925
E40000010,North West,nhsRegion,2020-05-07,12353,1947
E40000010,North West,nhsRegion,2020-05-06,12171,2075
E40000010,North West,nhsRegion,2020-05-05,12013,2192
E40000010,North West,nhsRegion,2020-05-04,11812,2236
E40000010,North West,nhsRegion,2020-05-03,11623,2196
E40000010,North West,nhsRegion,2020-05-02,11429,2327
E40000010,North West,nhsRegion,2020-05-01,11243,2282
E40000010,North West,nhsRegion,2020-04-30,11062,2309
E40000010,North West,nhsRegion,2020-04-29,10848,2350
E40000010,North West,nhsRegion,2020-04-28,10621,2298
E40000010,North West,nhsRegion,2020-04-27,10427,2456
E40000010,North West,nhsRegion,2020-04-26,10204,2429
E40000010,North West,nhsRegion,2020-04-25,10023,2437
E40000010,North West,nhsRegion,2020-04-24,9821,2490
E40000010,North West,nhsRegion,2020-04-23,9610,2573
E40000010,North West,nhsRegion,2020-04-22,9428,2621
E40000010,North West,nhsRegion,2020-04-21,9214,2718
E40000010,North West,nhsRegion,2020-04-20,8954,2810
E40000010,North West,nhsRegion,2020-04-19,8728,2836
E40000010,North West,nhsRegion,2020-04-18,8514,2833
E40000010,North West,nhsRegion,2020-04-17,8308,2599
E40000010,North West,nhsRegion,2020-04-16,8035,2965
E40000010,North West,nhsRegion,2020-04-15,7781,2861
E40000010,North West,nhsRegion,2020-04-14,7534,3026
E40000010,North West,nhsRegion,2020-04-13,7265,3065
E40000010,North West,nhsRegion,2020-04-12,6961,3014
E40000010,North West,nhsRegion,2020-04-11,6667,3008
E40000010,North West,nhsRegion,2020-04-10,6354,2901
E40000010,North West,nhsRegion,2020-04-09,6002,2754
E40000010,North West,nhsRegion,2020-04-08,5525,2576
E40000010,North West,nhsRegion,2020-04-07,5115,2620
E40000010,North West,nhsRegion,2020-04-06,4740,2529
E40000010,North West,nhsRegion,2020-04-05,4348,2288
E40000010,North West,nhsRegion,2020-04-04,3969,2134
E40000010,North West,nhsRegion,2020-04-03,3571,1714
E40000010,North West,nhsRegion,2020-04-02,3125,1530
E40000010,North West,nhsRegion,2020-04-01,2691,1451
E40000010,North West,nhsRegion,2020-03-31,2225,1143
E40000010,North West,nhsRegion,2020-03-30,1883,982
E40000010,North West,nhsRegion,2020-03-29,1463,819
E40000010,North West,nhsRegion,2020-03-28,1265,665
E40000010,North West,nhsRegion,2020-03-27,1055,553
E40000010,North West,nhsRegion,2020-03-26,836,381
E40000010,North West,nhsRegion,2020-03-25,652,332
E40000010,North West,nhsRegion,2020-03-24,465,251
E40000010,North West,nhsRegion,2020-03-23,343,237
E40000010,North West,nhsRegion,2020-03-22,257,190
E40000010,North West,nhsRegion,2020-03-21,174,162
E40000010,North West,nhsRegion,2020-03-20,103,130
E40000010,North West,nhsRegion,2020-03-19,47,
